Entity,TimeWindow,period_start,period_end,period_midpoint,count_docs_total_after_deduplication,count_attributable_docs_nonzero_unep,Ci_t_UNEP,extent_of_unep_attributed_capacity_evidence,max_document_contribution_sd,sum_document_contribution_sd,evidence_of_unep_attributed_capacity_strengthening,best_evidence_title,best_evidence_link,best_evidence_query,best_evidence_textfile,best_evidence_capacity_justification,best_evidence_unep_justification,best_evidence_phrases
Brazil,2014-2018,2014,2018,2016,46,3,58.67,moderate evidence,64,176,TRUE,National Implementation Plan of Brazil for the Stockholm ...,https://www.gov.br/mma/pt-br/centrais-de-conteudo/publicacoes/qualidade-ambiental-e-meio-ambiente-urbano/pn-implementacao-pop-atualizacao-2023-en.pdf,UNEP supported Brazil environmental monitoring after:2014-01-01 before:2018-01-01,www_gov_br_National_Implementation_Plan_of_Brazil_for_the_Sto.txt,"The document provides clear evidence of Brazil's institutional and technical capacity to develop environmental data systems, environmental statistics, scientific environmental assessments, monitoring systems/early warning systems, environmental information platforms, and national environmental reporting frameworks. Specifically, it mentions the development of a National Implementation Plan (NIP) for the Stockholm Convention on Persistent Organic Pollutants (POPs), which includes strategies for managing POPs, reducing releases, and promoting environmentally sound disposal. The plan involves various government agencies, research institutions, and stakeholders, demonstrating a strong institutional framework.","The document explicitly links UNEP to strengthening or enabling Brazil's capacity in environmental management. It mentions that the United Nations Environment Programme (UNEP) and the Global Environment Facility (GEF) provided support for the review and update of Brazil's NIP for the Stockholm Convention. UNEP's involvement includes providing technical assistance and guidance for the development of POP inventories, action plans, and the NIP update. The document highlights that UNEP's support enabled Brazil to strengthen its national capacity for managing POPs and to improve its institutional and technical capabilities.","[""The update of the Brazilian NIP focused on the revision of the inventories of the chemicals of industrial origin (HBCD, POP-PBDE and PFOS and PFOSF) taken as priority and the development of new inventories for the compounds listed after 2015 (decaBDE, dicofol, HCBD, PCNs, PCP, PFOA, SCCPs)."", ""Brazil has followed the provisions of the Stockholm Convention, in terms of not producing any of the listed POPs and only using them for their acceptable purposes and specific exceptions, within the period in which these were granted."", ""The MMA sought assistance from the UNEP–GEF to contract a consultant team of experts on POPs to review and develop new POP inventories and an individual consultant to prepare the NIP document."", ""The Ministry of the Environment and Climate Change of Brazil (Portuguese acronym MMA), in partnership with the United Nations Environment Programme (UNEP) and with funding from Global Environmental Facility (GEF), recognizes and acknowledges, on behalf of the UNEF/GEF project 'Review and Update of the national implementation plan (NIP) for the Stockholm Convention on persistent organic pollutants (POPs) in Brazil', the participation and active contribution of all agencies and institutions that provided information that guided the NIP update process on POPs in Brazil;""]"
Brazil,2018-2022,2018,2022,2020,37,0,0,no evidence,0,0,FALSE,Understanding-and-Increasing-Finance-for- ...,http://climatepolicyinitiative.org/wp-content/uploads/2018/12/Understanding-and-Increasing-Finance-for-Climate-Adaptation-in-Developing-Countries-1.pdf,in partnership with UNEP Brazil early warning system after:2018-01-01 before:2022-01-01,climatepolicyinitiative_org_Understanding_and_Increasing_Finance_for_.txt,"The document does not contain explicit evidence related to Brazil in 2018-2022 about environmental data systems, environmental statistics, scientific environmental assessments, monitoring systems / early warning systems, environmental information platforms, or national environmental reporting frameworks.",There is no explicit link between UNEP and strengthening or enabling capacity in Brazil during 2018-2022 mentioned in the document.,[]
Brazil,2022-2026,2022,2026,2024,38,5,54.72,moderate evidence,65.61,273.61,TRUE,World's first impact bond on weather and climate data ...,https://www.unep.org/news-and-stories/press-release/worlds-first-impact-bond-weather-and-climate-data-opens,UNEP programme Brazil early warning system after:2022-01-01 before:2026-01-01,www_unep_org_World_s_first_impact_bond_on_weather_and_climate_d.txt,"The document mentions the Systematic Observations Financing Facility (SOFF), a United Nations fund created by the UN Environment Programme (UNEP), the World Meteorological Organization (WMO), and the United Nations Development Programme (UNDP). SOFF aims to close critical weather and climate data gaps, which is relevant to environmental data systems, monitoring systems/early warning systems, and national environmental reporting frameworks in Brazil during 2022-2026.","The document explicitly links UNEP to the creation of the Systematic Observations Financing Facility (SOFF) and its role in supporting the development of weather and climate data systems. UNEP's Executive Director, Inger Andersen, is quoted in the document, emphasizing the importance of closing the adaptation and data gap. The document also mentions that SOFF is a United Nations fund created by UNEP, WMO, and UNDP, which indicates a strong attribution of UNEP to the capacity development in Brazil.","[""The Systematic Observations Financing Facility (SOFF) today opened for contributions to raise USD 200 million towards a climate impact bond aimed at strengthening systematic observation of the planet and help close critical weather and climate data gaps."", ""The innovative tool is pioneered by the Systematic Observations Financing Facility (SOFF), a United Nations fund created by the UN Environment Programme (UNEP), the World Meteorological Organization (WMO) and the United Nations Development Programme (UNDP)."", ""“If we fail to close the adaptation and data gap now, we are simply locking in far higher costs and risks for the future. This proposed bond shows how public and private finance could unite to support resilience and safeguard lives in a changing climate,” said Inger Andersen, UNEP’s Executive Director.""]"
Egypt,2014-2018,2014,2018,2016,58,2,48,moderate evidence,48,96,TRUE,ECAP SCIENCE-POLICY INTERFACE (SPI) BRIEF,https://planbleu.org/wp-content/uploads/2016/05/ecap_spi_brief_en_web.pdf,UNEP provided technical assistance Egypt scientific assessment after:2014-01-01 before:2018-01-01,planbleu_org_ECAP_SCIENCE_POLICY_INTERFACE_SPI_BRIEF.txt,"The document discusses the development of environmental data systems, specifically the Integrated Monitoring and Assessment Program (IMAP) and the Science-Policy Interface (SPI) for the Mediterranean region. Egypt is mentioned as one of the countries involved in the process. The document highlights the strengthening of the interface between science and policy, which implies some level of institutional/technical capacity development.",UNEP/MAP is explicitly mentioned as the organization supporting the EcAp MED II project (2015-2018) and the development of the Science-Policy Interface (SPI) for IMAP. The document credits UNEP/MAP for providing a framework for environmental protection and for supporting the implementation of the Ecosystem Approach (EcAp) and IMAP.,"[""UNEP/MAP and the Barcelona Convention have provided a unique political and legal framework for environmental protection"", ""EcAp MED II project 2015-2018 supported by the European Union"", ""SPI for UNEP/MAP, EcAp aims to build on this experience and on the knowledge brokering concept"", ""UNEP/MAP component representatives were present during the workshop"", ""Specific aims of the EcAp science policy strengthening action: Reflect relevant scientific recommendations and results in the documents prepared by UNEP/MAP""]"
Egypt,2018-2022,2018,2022,2020,39,0,0,no evidence,0,0,FALSE,Report of the United Nations Environment Assembly of the ...,https://docs.un.org/en/a/73/25,UNEP supported Egypt state of environment report after:2018-01-01 before:2022-01-01,docs_un_org_Report_of_the_United_Nations_Environment_Assembly_.txt,The document does not contain any information about Egypt or the specified time window of 2018-2022.,The document does not contain any information about UNEP's involvement in Egypt or the specified time window of 2018-2022.,[]
Egypt,2022-2026,2022,2026,2024,70,7,43.43,moderate evidence,64,304,TRUE,Data on SCP indicators for Mediterranean countries is now ...,https://switchmed.eu/news/data-on-scp-indicators-for-mediterranean-countries-is-now-available-in-mapx-the-unep-open-source-web-mapping-platform/,UNEP supported Egypt environmental data platform after:2022-01-01 before:2026-01-01,switchmed_eu_Data_on_SCP_indicators_for_Mediterranean_countries.txt,"The document mentions the availability of Sustainable Consumption and Production (SCP) indicators for Mediterranean countries, including Egypt, in MapX, a UNEP open-source web-mapping platform. This platform allows for the sharing of environmental data and provides functionalities such as querying specific data, cross-referencing of information, and increased accessibility. The collaboration with Plan Bleu and the use of MapX demonstrate a clear effort to develop environmental data systems and information platforms.","The document explicitly links UNEP to the development of the MapX platform and the availability of SCP indicators for Mediterranean countries. UNEP is mentioned as the provider of the platform and the data, and the SwitchMed Programme is implemented by UNIDO, UNEP, and MedWaves. The document credits UNEP for the development of the platform and the data sharing initiative.","[""Data on SCP indicators for Mediterranean countries is now available in MapX, the UNEP open-source web-mapping platform"", ""Thanks to a collaboration with Plan Bleu, the Observatory for the environment and development in the Mediterranean, the set of SCP indicators is available to the public in MapX"", ""The cartographic component of the World Environment Situation Room (WESR), which is the future UNEP digital platform for online data sharing"", ""Funded by the European Union, the SwitchMed Programme is implemented by the United Nations Industrial Development Organization (UNIDO), the United Nations Environment Programme (UNEP) Economy Division and MedWaves, the United Nations Environment Programme Mediterranean Action Plan (UNEP/MAP) regional activity centre for Sustainable Consumption and Production""]"
Ghana,2014-2018,2014,2018,2016,60,3,32,low evidence,48,96,TRUE,UNEP Early Warning System Initiatives,https://www.adaptation-undp.org/sites/default/files/resources/unep_zinta_zommers_nina_raasakka.pdf,UNEP capacity building Ghana early warning system after:2014-01-01 before:2018-01-01,www_adaptation-undp_org_UNEP_Early_Warning_System_Initiatives.txt,"The document mentions work in Ghana related to early warning systems, specifically the CLIM-WARN project, which aims to improve communication of warnings to vulnerable populations. It also mentions partnership with the University of Ghana and the National Disaster Management Authority (Ghana). However, the evidence is mostly about project activities rather than institutionalized national systems.","UNEP is explicitly mentioned as a key player in the CLIM-WARN project, which includes Ghana as one of its case study countries. The document highlights UNEP's role in supporting early warning systems, including providing technical assistance and partnership with national authorities.","[""Working in three case study countries •Kenya •Ghana •Burkina Faso"", ""University of Ghana (Ghana) oNational Disaster Management Authority (Ghana)"", ""CLIM-WARN started in 2013 and will run until early 2015"", ""UNEP GEF Climate Change Adaptation Portfolio – over 25 projects in 20 countries funded through LDCF, SCCF and AF""]"
Ghana,2018-2022,2018,2022,2020,68,4,42,moderate evidence,64,168,TRUE,Closure and Data Collection Report for CTCN Technical ...,https://www.ctc-n.org/system/files/dossier/3b/closure_report_ghana.pdf,in collaboration with UNEP Ghana early warning system after:2018-01-01 before:2022-01-01,www_ctc-n_org_Closure_and_Data_Collection_Report_for_CTCN_Techni.txt,"The document provides strong evidence of institutional strengthening and capacity building in Ghana during 2018-2022, particularly in the areas of environmental data systems, environmental statistics, and monitoring systems/early warning systems. A drought early warning system was developed and implemented, and national stakeholders were actively involved in the technical training and workshops.","The document explicitly links UNEP to strengthening or enabling the capacity in Ghana during 2018-2022. UNEP-DHI was the implementer of the response plan and provided technical assistance, including capacity building and training. The document mentions that UNEP-DHI supported the Water Resources Commission (WRC) with the development of a drought early warning system and provided access to near real-time satellite data and indices.","[""The technical assistance was initiated in October 2016 by an Inception workshop held in Accra. Based on feedback and discussions from stakeholder consultations a Needs Assessment report was prepared to present the objectives and requirements for the technical assistance."", ""The recommendations have then been taken into consideration to draft a more detailed description of the proposed outcome in the Technology specification report delivered in February 2017."", ""Based on the outlined requirement the Drought Monitoring and Early warning system for Ghana has been developed and a first version was presented at a national training held in Accra in October 2017."", ""UNEP-DHI will support WRC with support through e-mail and Skype to solve any questions or issues that may arise after the closure of the assistance.""]"
Ghana,2022-2026,2022,2026,2024,51,12,50.75,moderate evidence,72,609.01,TRUE,About Ghana Climate Vulnerability Hub,https://ghclimatevulnerabilityhub.com/about.php,UNEP supported Ghana environmental data platform after:2022-01-01 before:2026-01-01,ghclimatevulnerabilityhub_com_About_Ghana_Climate_Vulnerability_Hub.txt,"The document provides clear evidence of Ghana's institutional and technical capacity to develop environmental data systems, environmental statistics, and monitoring systems. The Ghana Climate Vulnerability Hub is a comprehensive platform that provides climate and vulnerability data, interactive mapping tools, and integrates advanced GIS-based mapping capabilities with comprehensive datasets.","The document explicitly links UNEP to the development of the Ghana Climate Vulnerability Hub, stating that it was created through a collaborative partnership between the Environmental Protection Agency (EPA), the United Nations Environment Programme (UNEP), and the Green Climate Fund (GCF).","[""The Ghana Climate Vulnerability Hub is a transformative climate risk and vulnerability information portal developed as part of Ghana's National Adaptation Plan (NAP) Readiness Project."", ""Created through a collaborative partnership between the Environmental Protection Agency (EPA), the United Nations Environment Programme (UNEP), and the Green Climate Fund (GCF)"", ""The platform embodies Ghana's commitment to inclusive and gender-responsive climate action, incorporating gender considerations throughout its design"", ""The Hub establishes robust data-sharing protocols that enable regular updates and maintain the relevance of information over time"", ""The technical sophistication enables multi-layered analysis, allowing users to understand complex interactions between climate variables and their impacts on different sectors and communities""]"
India,2014-2018,2014,2018,2016,58,0,0,no evidence,0,0,FALSE,Dr. Mostafa Kamal Tolba UNEP's second Executive Director dies,http://blog.felixdodds.net/2016/03/dr-mostafa-kamal-tolba-uneps-second.html,in partnership with UNEP India scientific assessment after:2014-01-01 before:2018-01-01,blog_felixdodds_net_Dr_Mostafa_Kamal_Tolba_UNEP_s_second_Executive_Dir.txt,"The document does not contain explicit evidence related to India's environmental data systems, environmental statistics, scientific environmental assessments, monitoring systems / early warning systems, environmental information platforms, or national environmental reporting frameworks for the period 2014-2018.","The document does not explicitly link UNEP to strengthening or enabling any capacity in India during 2014-2018. It primarily discusses the legacy of Dr. Mostafa Kamal Tolba, former Executive Director of UNEP, and his contributions to environmental governance globally, but does not mention India or the specified time frame.",[]
India,2018-2022,2018,2022,2020,47,7,49.14,moderate evidence,64,344,TRUE,Strengthening data monitoring and reporting to showcase ...,https://www.switch-asia.eu/news/strengthening-data-monitoring-and-reporting-to-showcase-indias-progress-in-achieving-sustainable-consumption-and-production/,UNEP project India environmental data after:2018-01-01 before:2022-01-01,www_switch-asia_eu_Strengthening_data_monitoring_and_reporting_to_sho.txt,"The document provides strong evidence of system development and institutional strengthening for environmental data systems and reporting in India during 2018-2022. It mentions the development of a draft study report on 'SDG 12 - An analysis of the SDG 12 National Indicator Framework and Recommendations for its Monitoring and Reporting' by TERI, in partnership with UNEP and the EU-funded SWITCH-Asia Programme. The report recommends strengthening data monitoring and reporting, including reporting on six categories of natural resources and periodic reporting of consumer and consumption data.","The document explicitly links UNEP to strengthening or enabling the capacity in India during 2018-2022. It mentions that UNEP, in partnership with the EU-funded SWITCH-Asia Programme and TERI, supported the development of the draft study report on SDG 12 monitoring and reporting. UNEP is also mentioned as the global custodian for 10 of the 13 indicators of SDG 12 and is credited for its role in advancing SDG 12 reporting in India.","[""The draft report was presented at the ‘National Consultative Roundtable Dialogue on Reporting and Monitoring of SDG 12 – Responsible Consumption and Production’, organised under the EU funded SWITCH-Asia Programme, in partnership with the United Nations Environment Programme (UNEP) and The Energy and Resources Institute (TERI)."", ""UNEP as the global custodian for 10 of the 13 indicators of SDG 12 is proud of the success achieved by MoEFCC, India on the advancement of SDG 12 reporting."", ""TERI carried out this study in cooperation with UNEP and with support of EU funded SWITCH-Asia RPAC to help develop an informed approach for SDG 12 monitoring and reporting in India.""]"
India,2022-2026,2022,2026,2024,38,3,50.67,moderate evidence,64,152,TRUE,UNEP'S IMPACT ON INDIA'S ENVIRONMENTAL ...,https://juslextra.in/f/uneps-impact-on-indias-environmental-protection-efforts?blogcategory=Environmental+Law,UNEP provided technical assistance India scientific assessment after:2022-01-01 before:2026-01-01,juslextra_in_UNEP_S_IMPACT_ON_INDIA_S_ENVIRONMENTAL_.txt,"The document provides clear evidence of India's institutional and technical capacity development in environmental data systems, environmental statistics, scientific environmental assessments, monitoring systems, environmental information platforms, and national environmental reporting frameworks, with a focus on the period 2022-2026.","The document explicitly links UNEP to strengthening or enabling India's capacity in environmental protection efforts, including specific initiatives and programs implemented in collaboration with UNEP.","[""UNEP’s technical support and normative frameworks have been instrumental in shaping policy, implementing international commitments, and piloting innovative solutions."", ""UNEP administers the Multilateral Fund under the Montreal Protocol, assisting developing countries to phase out ozone-depleting substances (ODS)."", ""UNEP provides technology roadmaps, GHG inventories, and guidance on Nationally Determined Contributions (NDCs)."", ""UNEP’s Division of Environmental Law and Conventions develops legislative frameworks, supports environmental courts, and trains judges and regulators."", ""UNEP’s Global Environmental Data Explorer and early warning systems could be integrated with India’s National Remote Sensing Centre and INSAT satellites.""]"
Indonesia,2014-2018,2014,2018,2016,10,2,42,moderate evidence,48,84,TRUE,Indonesia launches new budget-tracking system to better ...,https://www.climatepolicyinitiative.org/press-release/indonesia-launches-new-budget-tracking-system-better-target-climate-finance/,in collaboration with UNEP Indonesia environmental monitoring after:2014-01-01 before:2018-01-01,www_climatepolicyinitiative_org_Indonesia_launches_new_budget_tracking_system_to_b.txt,"The document provides evidence of Indonesia's institutional/technical capacity to develop environmental data systems, specifically a climate finance tracking and reporting system, which is an environmental data system. The system was launched by the Indonesian finance ministry with support from UNDP, UNEP, and CPI. Seven ministries are legally required to implement the budget-tracking system for climate mitigation activities by 2015.","The document explicitly links UNEP to strengthening or enabling Indonesia's capacity in environmental data systems. UNEP, along with UNDP and CPI, supported the development of the climate finance tracking and reporting system. The system is based on recommendations from the Low Emission Budget Tagging and Scoring System (LESS) study by UNDP and UNEP.","[""Indonesia launches new budget-tracking system to better target climate finance"", ""with support from the United Nations Development Programme (UNDP), United Nations Environment Programme (UNEP) and Climate Policy Initiative (CPI)"", ""based on recommendations from the Low Emission Budget Tagging and Scoring System (LESS) study by UNDP and UNEP"", ""Seven ministries are legally required to implement the budget-tracking system for climate mitigation activities by 2015""]"
Indonesia,2018-2022,2018,2022,2020,35,1,48,moderate evidence,48,48,TRUE,UNEP supports project to restore peatlands in Indonesia,https://www.unep.org/news-and-stories/story/unep-supports-project-restore-peatlands-indonesia,UNEP project Indonesia environmental monitoring after:2018-01-01 before:2022-01-01,www_unep_org_UNEP_supports_project_to_restore_peatlands_in_Indo.txt,"The document provides moderate evidence of Indonesia's capacity development in environmental data systems and monitoring. The project supported by UNEP and other partners helped in developing a fire risk and vulnerability mapping tool, creating compacted peat dams, and training community-based fire brigades. These efforts indicate institutional strengthening and system development, though the outcomes may be partial or not fully institutionalized.","UNEP's role is explicitly mentioned in providing match funding, technical support, project design, and technical oversight. UNEP's peatland expert, Johan Kieft, is quoted and played a significant role in the project's design and implementation. The document clearly links UNEP to the project's outcomes, including the development of a fire risk system and community-driven peat rehabilitation methods.","[""UNEP supports project to restore peatlands in Indonesia"", ""UNEP provided match funding, technical support, project design and technical oversight"", ""a hydrological assessment, to facilitate community-driven peat rehabilitation methods in Central Kalimantan"", ""The project’s fire risk and vulnerability mapping tool identified Dusun Hilir District"", ""UNEP peatland expert Johan Kieft""]"
Indonesia,2022-2026,2022,2026,2024,70,18,39.19,low evidence,64,705.41,TRUE,Indonesia Sets Path for Climate-Friendly Cooling with ...,https://www.unescap.org/news/indonesia-sets-path-climate-friendly-cooling-national-cooling-action-plan,UNEP capacity building Indonesia scientific assessment after:2022-01-01 before:2026-01-01,www_unescap_org_Indonesia_Sets_Path_for_Climate_Friendly_Cooling_w.txt,"The document provides strong evidence of Indonesia's institutional and technical capacity to develop environmental data systems and policies, specifically through the launch of its first National Cooling Action Plan (I-NCAP). The plan is an inter-ministerial initiative led by the Directorate General of New, Renewable Energy, and Energy Conservation (EBTKE) and includes collaboration from numerous national stakeholders. The I-NCAP focuses on critical areas such as building space cooling, food cold chains, healthcare cold chains, mobile air conditioning, and process cooling. It aims to address increasing cooling demand, enhance energy efficiency in cooling appliances, and promote the use of low-global warming potential (GWP) refrigerants. The plan is aligned with Indonesia's enhanced Nationally Determined Contribution (NDC) and represents a comprehensive policy roadmap to guide Indonesia towards a greener, cooler, and net-zero future.","The document explicitly links UNEP to strengthening or enabling Indonesia's capacity in the development of the National Cooling Action Plan (I-NCAP). UNEP is mentioned as one of the supporters in developing the I-NCAP, along with ESCAP and Sustainable Energy for All. Ruth Zugman do Coutto, Chief of the Mitigation Branch of the Climate Change Division of UNEP, is quoted praising Indonesia's leadership in releasing the plan and encouraging continued collaboration among ministries and stakeholders to pursue its implementation. The document highlights UNEP's role in supporting Indonesia's efforts to address cooling demand and promote climate-friendly cooling solutions.","[""The I-NCAP is an inter-ministerial policy roadmap led by the Directorate General of New, Renewable Energy, and Energy Conservation (EBTKE) and includes collaboration from numerous national stakeholders."", ""Developed with support from the United Nations Economic and Social Commission for Asia and the Pacific (ESCAP) and the United Nations Environment Programme (UNEP) and inputs from Sustainable Energy for All within the framework of the Cool Coalition"", ""Ruth Zugman do Coutto, Chief of the Mitigation Branch of the Climate Change Division of UNEP said, 'The I-NCAP follows comprehensive vision to delivering on cooling, looking at the multiple cooling sectors to ensure thermal comfort in buildings, strengthening resilience to extreme heat, and bringing essential life‐preserving services like vaccines and safe food to all people while driving climate action.'""]"
Kenya,2014-2018,2014,2018,2016,60,3,32,low evidence,48,96,TRUE,UNEP Early Warning System Initiatives,https://www.adaptation-undp.org/sites/default/files/resources/unep_zinta_zommers_nina_raasakka.pdf,UNEP supported Kenya scientific assessment after:2014-01-01 before:2018-01-01,www_adaptation-undp_org_UNEP_Early_Warning_System_Initiatives.txt,"The document provides moderate evidence of Kenya's capacity development in environmental early warning systems during 2014-2018. It mentions UNEP's work with the National Drought Management Authority in Kenya, which indicates some level of institutional strengthening.","The document explicitly links UNEP to strengthening Kenya's capacity in early warning systems. It mentions that UNEP is working in partnership with organizations in Kenya, including the National Drought Management Authority, and that UNEP's Division of Early Warning and Assessment (DEWA) provides timely and scientifically credible environmental analyses and alerts.","[""Working in partnership with organizations in the case study countries including: oNational Drought Management Authority (Kenya)"", ""UNEP's Division of Early Warning and Assessment (DEWA) provides timely scientifically credible, environmental analyses and alerts"", ""CLIM-WARN Project –seeks to identify ways to improve communication of warning to the vulnerable, and ensuring they can act on warnings"", ""UNEP GEF CC ADAPTATION PORTFOLIO –WHAT? •UNEP GEF Climate Change Adaptation Portfolio – over 25 projects in 20 countries funded through LDCF, SCCF and AF""]"
Kenya,2018-2022,2018,2022,2020,40,6,44.67,moderate evidence,64,268,TRUE,Digital billboards bring real-time air pollution data to Nairobi,https://www.unep.org/news-and-stories/press-release/digital-billboards-bring-real-time-air-pollution-data-nairobi,UNEP programme Kenya environmental data platform after:2018-01-01 before:2022-01-01,www_unep_org_Digital_billboards_bring_real_time_air_pollution_d.txt,"The document provides evidence of Kenya's capacity to develop environmental data systems, specifically for air quality monitoring in Nairobi. The initiative includes real-time air pollution data streaming on digital billboards, engagement with the public, and involvement of government officials.","The document explicitly links UNEP to the development and implementation of the air quality monitoring system in Nairobi, Kenya. UNEP is mentioned as a key partner in the initiative, collaborating with other organizations to provide real-time air quality information.","[""The initiative – by the UN Environment Programme (UNEP), in collaboration with IQAir, a Swiss air quality technology company, Safaricom, a telecommunications provider in Kenya, Alpha and Jam Ltd and Metropolitan Star Lite Ltd,  Out Of Home (OOH) media – provides real-time air quality information"", ""“Real time air quality monitoring will help us with the issuance of health advisories as well as for formulation of smart traffic controls that minimize congestion,” said Lawrence Mwangi, Assistant Director of Environment in charge of pollution control at the Nairobi County Government."", ""“Action on air pollution, which is responsible for millions of premature deaths a year, is critical – efforts should focus on high-risk communities, such as people living in informal urban settlements,” said Inger Andersen, Executive Director of UNEP.""]"
Kenya,2022-2026,2022,2026,2024,61,10,47.34,moderate evidence,64,473.41,TRUE,Kenya - UN Environment Programme,https://www.unep.org/kenya,with UNEP support Kenya environmental monitoring after:2022-01-01 before:2026-01-01,www_unep_org_Kenya_UN_Environment_Programme.txt,"The document provides evidence of Kenya's institutional and technical capacity development in environmental data systems, environmental statistics, and monitoring systems. Specifically, Kenya developed a National Chemical Policy, established an inter-ministerial and inter-sectoral coordination committee on Sound Chemical Management, and created a chemical portal with a legal and policy framework. These actions demonstrate strong evidence of system development and institutional strengthening.","The document explicitly links UNEP to the capacity development in Kenya. The project 'Support to chemicals and wastes MEAs and SAICM implementation in Kenya' was funded by UNEP (budget of 250,000 USD) and implemented in partnership with the Ministry of Environment and Natural Resources. UNEP's support facilitated the development of key frameworks and systems, such as the Framework of Cooperation, data sharing modalities, and the Pollutant Release and Transfers Register (PRTR).","[""Kenya developed a National Chemical Policy"", ""established and launched with the mandate to guide on the issues of chemicals and waste"", ""Kenya has also established a chemical portal with the necessary legal and policy framework"", ""the project also facilitated development of a Framework of Cooperation"", ""Project title: Support to chemicals and wastes MEAs and SAICM implementation in Kenya"", ""Partnerships and counterparts: Ministry of Environment and Natural Resources""]"
Lebanon,2014-2018,2014,2018,2016,52,0,0,no evidence,0,0,FALSE,Lebanon's National Strategy for Air Quality Management ...,http://www.studies.gov.lb/getattachment/Sectors/Environment/2017/ENV-17-12/Env-17-12.pdf,with UNEP support Lebanon scientific assessment after:2014-01-01 before:2018-01-01,www_studies_gov_lb_Lebanon_s_National_Strategy_for_Air_Quality_Manage.txt,"The document contains explicit evidence related to environmental data systems, environmental statistics, scientific environmental assessments, monitoring systems/early warning systems, environmental information platforms, and national environmental reporting frameworks in Lebanon during 2014-2018. For example, it mentions the development of a National Strategy for Air Quality Management in Lebanon, which includes goals such as strengthening the legal and institutional framework, improving air quality assessment, and solving air quality problems. However, the document does not provide explicit evidence of institutionalized/operational national systems.","There is no explicit link between UNEP and strengthening or enabling the capacity in Lebanon during 2014-2018. The document mentions that the Ministry of Environment (MoE) has initiated the development of the National Strategy for Air Quality Management in Lebanon in 2015 with the support of the European Union (EU) funded programme Support to Reforms on Environmental Governance (StREG), in collaboration with the United Nations Development Programme (UNDP) project of the Environmental Resources Monitoring in Lebanon (ERML). However, UNEP is not mentioned as a supporting entity.","[""The Strategy has dedicated an important section to document available data on air quality in Lebanon."", ""The Air Quality Monitoring Network (AQMN) which has been installed and activated by MoE over two phases."", ""The Strategy covers Lebanon’s situation regarding air quality monitoring, taking into account the existing Air Quality Monitoring Network (AQMN) which has been installed and activated by MoE."", ""In 2013, MoE launched Phase 1 of the national AQMN with real time air quality monitoring through five stations in Lebanon, with the support of the United Nations Environment Programme (UNEP) and UNDP.""]"
Lebanon,2018-2022,2018,2022,2020,60,1,24,low evidence,24,24,TRUE,UNDP and UNEP partner to further support Lebanon's ...,https://www.undp.org/lebanon/press-releases/undp-and-unep-partner-further-support-lebanons-environmental-agenda,UNEP provided technical assistance Lebanon state of environment report after:2018-01-01 before:2022-01-01,www_undp_org_UNDP_and_UNEP_partner_to_further_support_Lebanon_s.txt,"The document mentions partnership between UNDP and UNEP to support Lebanon's environmental agenda, including natural resource management, climate change, biodiversity conservation, waste management, and abatement of pollution. However, it does not provide explicit evidence of institutionalized/operational national systems.","The document explicitly mentions UNEP's partnership with UNDP to support Lebanon's environmental agenda, which includes strengthening the identification of national priorities on environment and climate issues, enhancing coordination on environmental programmes, promoting joint resource mobilization, and enhancing knowledge sharing and joint advocacy.","[""UNDP and UNEP partner to further support Lebanon's environmental agenda"", ""strengthening the identification of national priority on environment and climate issues"", ""enhancing coordination on environmental programmes"", ""promoting joint resource mobilization"", ""enhancing knowledge sharing and joint advocacy for people and planet""]"
Lebanon,2022-2026,2022,2026,2024,37,5,33.6,low evidence,48,168,TRUE,GEF UNEP/MAP MedProgramme: Advancing a Source-to- ...,https://iwlearn.net/news/gef-unepmap-medprogramme-advancing-a-source-to-sea-vision-for-the-damour-area,with UNEP support Lebanon environmental data after:2022-01-01 before:2026-01-01,iwlearn_net_GEF_UNEP_MAP_MedProgramme_Advancing_a_Source_to_.txt,"The document mentions the development of an Integrated Management Plan (IMP) for the Damour area in Lebanon, which includes strengthening and expanding Integrated Zone Management of the Lebanese coast, improving water security, human and ecosystem health, and climate resilience. This indicates moderate to strong evidence of system development and institutional strengthening, but it may be partial or not fully institutionalized.","The document explicitly links UNEP to the MedProgramme, which is a GEF-funded initiative implemented in Lebanon from 2020-2026. UNEP/MAP is the leading executing Agency, and the MedProgramme Coordination Unit is responsible for the programme. This indicates a clear UNEP-supported system development or institutional strengthening.","[""The development of an Integrated Management Plan for the Damour area, led by GWP-Med, promotes sustainable water management for the Damour River Basin"", ""UNEP/Mediterranean Action Plan (MAP) is the leading executing Agency; the GEF Implementing Agencies are UNEP and the European Bank for Reconstruction and Development (EBRD)"", ""The MedProgramme operationalises priority actions to reduce principal transboundary environmental stresses in coastal areas while strengthening climate resilience and water security and improving the health and livelihoods of coastal populations""]"
Morocco,2014-2018,2014,2018,2016,63,1,48,moderate evidence,48,48,TRUE,Wastewater challenges - and opportunities,https://www.unep.org/news-and-stories/story/wastewater-challenges-and-opportunities,in partnership with UNEP Morocco environmental information system after:2014-01-01 before:2018-01-01,www_unep_org_Wastewater_challenges_and_opportunities.txt,"The document mentions a project in Morocco where UN Environment is helping to showcase the benefits of using treated wastewater to support reforestation. This project involves using municipal wastewater to irrigate degraded land for tree planting and create a greenbelt around Ouarzazate. While it does not explicitly describe the development of environmental data systems, statistics, scientific assessments, monitoring systems, or national reporting frameworks, it does indicate some level of institutional strengthening and system development related to environmental management.","The document explicitly mentions UN Environment's involvement in supporting a project in Morocco. The project is described as being 'supported by UN Environment and local partners' and is using treated wastewater for reforestation, indicating a clear link between UNEP and capacity strengthening in Morocco.","[""In Ouarzazate city in central-southern Morocco, UN Environment is helping to showcase the benefits of using treated wastewater to support reforestation."", ""The project, which is funded by the Korean Forest Service and the Moroccan Government and supported by UN Environment and local partners, is using municipal wastewater to irrigate degraded land for tree planting and create a greenbelt around Ouarzazate.""]"
Morocco,2018-2022,2018,2022,2020,71,0,0,no evidence,0,0,FALSE,UNEP-IEMP Annual Report 2016,http://www.unep-iemp.org/file/2019/01/09/1547342236.pdf,UNEP initiative Morocco environmental statistics after:2018-01-01 before:2022-01-01,www_unep-iemp_org_UNEP_IEMP_Annual_Report_2016.txt,"The document does not contain explicit evidence related to Morocco during 2018-2022 about environmental data systems, environmental statistics, scientific environmental assessments, monitoring systems / early warning systems, environmental information platforms, or national environmental reporting frameworks.",The document does not explicitly link UNEP to strengthening or enabling capacity in Morocco during 2018-2022. Mere mention of UNEP is not enough for attribution.,[]
Morocco,2022-2026,2022,2026,2024,48,0,0,no evidence,0,0,FALSE,A/79/254 - General Assembly - the United Nations,https://docs.un.org/en/A/79/254,with UNEP support Morocco early warning system after:2022-01-01 before:2026-01-01,docs_un_org_A_79_254_General_Assembly_the_United_Nations.txt,The document does not contain any information about Morocco or the specified time window of 2022-2026.,The document does not contain any information about UNEP's involvement in Morocco or the specified time window of 2022-2026.,[]
Rwanda,2014-2018,2014,2018,2016,48,5,52,moderate evidence,64,260,TRUE,Smart help for Rwandan farmers,https://www.unep.org/news-and-stories/story/smart-help-rwandan-farmers,UNEP programme Rwanda environmental data after:2014-01-01 before:2018-01-01,www_unep_org_Smart_help_for_Rwandan_farmers.txt,"The document provides clear evidence of institutional strengthening and system development in Rwanda from 2014 to 2018, particularly in environmental data systems, monitoring systems/early warning systems, and national environmental reporting frameworks. The project funded by the GEF and implemented by UNEP and UNDP developed an early warning system, increased capacity for risk-responsive planning, created risk maps and land-use plans, and established the online Rwanda Climate Portal.","The document explicitly links UNEP to strengthening or enabling capacity in Rwanda during 2014-2018. UNEP, along with UNDP, implemented the GEF-funded project that developed an early warning system, increased capacity for risk-responsive planning, and established the Rwanda Climate Portal. The project outcomes, such as the installation of 22 weather stations and the issuance of rainfall forecasts and early warning SMS messages, are directly attributed to UNEP's involvement.","[""The project developed an early warning system for climate change risks, increased capacity for risk responsive planning at the district and local levels, created risk maps and land-use plans to help increase ecosystem and community resilience to climatic shocks, and developed the national information base on climate change and adaptation through awareness and training activities, and the documentation and sharing of lessons learned."", ""To enable early warning on climate-change-related risks, the project installed 22 weather stations in 17 of Rwanda’s 30 districts. Each station now provides live data every five minutes, available via the internet and mobile phone."", ""The Rwandan Meteorology Agency is now issuing rainfall forecasts three times a day, and sends early warning SMS messages to 1 million people daily."", ""Funded by the GEF and implemented by UNEP and UNDP with local partners, the Reducing Vulnerability to Climate Change by Establishing Early Warning and Disaster Preparedness Systems and Support for Integrated Watershed Management in Flood Prone Areas project worked to reduce the vulnerability of people living in the crest area of the Nile-Congo basins, also known as the Gishwati ecosystem.""]"
Rwanda,2018-2022,2018,2022,2020,40,8,37.65,low evidence,64,301.21,TRUE,Rwanda's ambitious plan for clean and efficient cooling,https://www.unep.org/news-and-stories/story/rwandas-ambitious-plan-clean-and-efficient-cooling,UNEP programme Rwanda state of environment report after:2018-01-01 before:2022-01-01,www_unep_org_Rwanda_s_ambitious_plan_for_clean_and_efficient_co.txt,"The document provides evidence of Rwanda's capacity to develop environmental data systems, specifically in the area of cooling and energy efficiency. The Government of Rwanda has released a National Cooling Strategy, which outlines the findings of a recent assessment of the current and future market for cooling products. The strategy includes recommended actions to expand access to cooling while conserving resources. Additionally, Rwanda has developed minimum energy efficiency standards and created financial tools to support businesses investing in clean cooling.","The document explicitly links UNEP to strengthening Rwanda's capacity in the area of cooling and energy efficiency. The Rwanda Cooling Initiative is a joint effort between the Government of Rwanda and UN Environment's United for Efficiency (U4E) team. UNEP's U4E team has worked with the Government of Rwanda to develop the National Cooling Strategy, conduct a cooling market assessment, and create financial tools to support businesses investing in clean cooling. The document quotes Brian Holuj, United for Efficiency's lead for cooling initiatives, highlighting UNEP's role in supporting Rwanda's efforts.","[""The Rwanda Cooling Initiative, a joint effort between the Government and UN Environment’s United for Efficiency (U4E) team."", ""United for Efficiency is working with dozens of countries on sustainable cooling, and there is no better case study than a peer who is taking bold action and showcasing the many benefits."", ""The Government of Rwanda has released a landmark plan for sustainably cooling foods and life-saving medicines, and keeping homes and other indoor spaces comfortable in hot weather."", ""Rwanda’s National Cooling Strategy outlines the findings of a recent assessment of the current and future market for cooling products."", ""Through the Rwanda Cooling Initiative, we have conducted a cooling market assessment, developed a national cooling strategy and minimum energy efficiency standards, and created financial tools to support businesses investing in clean cooling""]"
Rwanda,2022-2026,2022,2026,2024,65,11,50.98,moderate evidence,64,560.8,TRUE,Government of Rwanda,https://ozone.unep.org/system/files/documents/National%20Cooling%20Strategy%20%28Rwanda%29.pdf,UNEP capacity building Rwanda environmental information system after:2022-01-01 before:2026-01-01,ozone_unep_org_Government_of_Rwanda.txt,"The document provides strong evidence of Rwanda's capacity development in environmental data systems, statistics, and monitoring systems related to cooling and cold-chain solutions. It mentions the development of a national product registration system, awareness campaigns, capacity building programs, and innovative financial mechanisms.","The document explicitly links UNEP to strengthening Rwanda's capacity in cooling and cold-chain solutions. UNEP is mentioned as a partner in developing the Rwanda National Cooling Strategy, providing funding for a project proposal, and mobilizing USD $1 million from GCF for readiness activities.","[""The Rwanda National Cooling Strategy was developed by a partnership between the government of Rwanda and UN Environment/U4E in 2019"", ""UNEP and the Rwanda Environment Management Authority mobilized USD $1 million from GCF Readiness"", ""Established in 2020 by Govts of Rwanda and UK, UNEP U4E, Centre for Sustainable Cooling, and University of Rwanda""]"
South Africa,2014-2018,2014,2018,2016,62,2,16,minimal evidence,24,32,TRUE,Developing data and information management for ...,https://www.unep-wcmc.org/news/developing-data-and-information-management-for-sustainable--green-african-economies,UNEP provided technical assistance South Africa scientific assessment after:2014-01-01 before:2018-01-01,www_unep-wcmc_org_Developing_data_and_information_management_for_.txt,"The document mentions a workshop on data and information management for sustainable, green African economies held in Pretoria, South Africa in May 2014. The workshop focused on natural capital assessments and ecosystem resilience, indicating some level of capacity development in environmental data systems and information management.","The document explicitly mentions that the workshop was run by the United Nations Environment Programme (UNEP) Regional Office for Africa in collaboration with UNEP-WCMC. UNEP committed to developing a road map to deliver solutions to key challenges identified by participants, indicating a clear link between UNEP and capacity strengthening.","[""United Nations Environment Programme (UNEP) Regional Office for Africa"", ""data and information management to underpin natural capital assessments and ecosystem resilience"", ""commitment from the UNEP Regional Office for Africa to develop a road map""]"
South Africa,2018-2022,2018,2022,2020,32,1,48,moderate evidence,48,48,TRUE,South Africa aims to stop marine litter at its source,https://www.unep.org/news-and-stories/story/south-africa-aims-stop-marine-litter-its-source,in partnership with UNEP South Africa environmental data platform after:2018-01-01 before:2022-01-01,www_unep_org_South_Africa_aims_to_stop_marine_litter_at_its_sou.txt,"The document mentions a project driven by the South African Department of Environment, Forestry and Fisheries to stem the flow of marine litter in five river systems in Kwazulu-Natal, which indicates some level of institutional strengthening and system development in environmental data systems and monitoring systems.","The document explicitly mentions UNEP's involvement in the project, with Jared Bosire, Project Manager with UNEP's Regional Seas Programme, providing a quote and UNEP being part of the project execution through the Implementation of the Strategic Action Programme for the Protection of the Western Indian Ocean from Land-Based Sources and Activities.","[""The coast of South Africa’s Kwazulu-Natal province"", ""Every year, between 90,000 and 250,000 tonnes of rubbish enter the oceans that surround the country"", ""“Eighty per cent of marine litter originates on land, mediated through flash floods and river inputs,” said Jared Bosire, Project Manager with the United Nations Environment Programme’s (UNEP) Regional Seas Programme"", ""A new project driven by the South African Department of Environment, Forestry and Fisheries aims to do exactly that"", ""The initiative is being funded by the Global Environment Facility through the Implementation of the Strategic Action Programme for the Protection of the Western Indian Ocean from Land-Based Sources and Activities, executed by the Nairobi Convention""]"
South Africa,2022-2026,2022,2026,2024,75,2,48,moderate evidence,48,96,TRUE,Guideline: Multi-hazard Early Warning Systems Monitoring ...,https://climateactiontransparency.org/resources/south-africa-guideline-multi-hazard-early-warning-systems-monitoring-and-evaluation-framework/,UNEP initiative South Africa early warning system after:2022-01-01 before:2026-01-01,climateactiontransparency_org_Guideline_Multi_hazard_Early_Warning_Systems_Monit.txt,"The document provides a comprehensive framework for monitoring and evaluation of Multi-Hazard Early Warning Systems (MH-EWS) in South Africa, including a detailed guideline document and an Excel-based tool. This demonstrates a strong capacity for environmental monitoring systems and early warning systems.","The document acknowledges the support of UNEP Copenhagen Climate Centre on the ICAT Adaptation project, indicating UNEP's involvement in capacity strengthening for MH-EWS in South Africa.","[""A framework of Monitoring and Evaluation (M&E) indicators for Multi-Hazard Early Warning (MH-EWS) has been developed for South Africa."", ""The ICAT project is managed by the United Nations Office for Project Services (UNOPS)."", ""We would like to express our deepest gratitude to the Initiative for Climate Action Transparency (ICAT) which is a multi-donor fund supporting transparency efforts around the world. We also sincerely appreciate the support from the UNEP Copenhagen Climate Centre on the ICAT Adaptation project.""]"
