Title,URL,TextFile,Status,Reason
Transforming the finance sector with technical assistance,https://newclimate.org/sites/default/files/2021/06/SNAPFI.-Transforming-Kenyas-Financial-Sector.pdf,newclimate_org_Transforming_the_finance_sector_with_technical_ass.txt,failed,[BLOCKED_403] https://newclimate.org/sites/default/files/2021/06/SNAPFI.-Transforming-Kenyas-Financial-Sector.pdf
Record of Proceedings,https://gggi.org/wp-content/uploads/2021/12/GGGWeek2021-Proceedings_20211216_.pdf,gggi_org_Record_of_Proceedings.txt,failed,"[FETCH ERROR] HTTPSConnectionPool(host='gggi.org', port=443): Read timed out. (read timeout=25)"
Global adaptation governance: An emerging but contested ...,https://weadapt.org/wp-content/uploads/2023/05/globaladaptationgovernance_0.pdf,weadapt_org_Global_adaptation_governance_An_emerging_but_conte.txt,failed,"[FETCH ERROR] ('Connection aborted.', ConnectionResetError(10054, 'An existing connection was forcibly closed by the remote host', None, 10054, None))"
Republic of Kenya Land Degradation Neutrality Target ...,https://www.unccd.int/sites/default/files/ldn_targets/2020-09/Kenya%20LDN%20TSP%20Final%20Report%20%28English%29.pdf,www_unccd_int_Republic_of_Kenya_Land_Degradation_Neutrality_Targ.txt,failed,"[PDF ERROR] (""Connection broken: ConnectionResetError(10054, 'An existing connection was forcibly closed by the remote host', None, 10054, None)"", ConnectionResetError(10054, 'An existing connection was forcibly closed by the remote host', None, 10054, None))"
GCA State and Trends in Adaptation Report 2021: Africa,https://gca.org/wp-content/uploads/2021/10/GCA_State-and-Trends-in-Adaptation-2021-Africa_full-report_low-res.pdf,gca_org_GCA_State_and_Trends_in_Adaptation_Report_2021_Afr.txt,failed,"[FETCH ERROR] (""Connection broken: ConnectionResetError(10054, 'An existing connection was forcibly closed by the remote host', None, 10054, None)"", ConnectionResetError(10054, 'An existing connection was forcibly closed by the remote host', None, 10054, None))"
NATIONAL ADAPTATION PLANS,https://unfccc.int/sites/default/files/resource/UNHabitat_Addressing_urban_human_settlements_issues_in_NAPs.pdf,unfccc_int_NATIONAL_ADAPTATION_PLANS.txt,failed,"[FETCH ERROR] ('Connection aborted.', ConnectionResetError(10054, 'An existing connection was forcibly closed by the remote host', None, 10054, None))"
Private-sector action in adaptation: Perspectives on the ...,https://unepccc.org/wp-content/uploads/2019/04/msme-adaptation-updated-web-2.pdf,unepccc_org_Private_sector_action_in_adaptation_Perspectives_o.txt,failed,"[FETCH ERROR] (""Connection broken: ConnectionResetError(10054, 'An existing connection was forcibly closed by the remote host', None, 10054, None)"", ConnectionResetError(10054, 'An existing connection was forcibly closed by the remote host', None, 10054, None))"
Demystifying Finance for Circular Economies,https://www.unepfi.org/wordpress/wp-content/uploads/2021/03/UNEPFI_DemystfyingFinanceCircularity-2020-2.pdf,www_unepfi_org_Demystifying_Finance_for_Circular_Economies.txt,failed,"[FETCH ERROR] (""Connection broken: ConnectionResetError(10054, 'An existing connection was forcibly closed by the remote host', None, 10054, None)"", ConnectionResetError(10054, 'An existing connection was forcibly closed by the remote host', None, 10054, None))"
Independent evaluation of the adaptation portfolio and ...,https://ieu.greenclimate.fund/sites/default/files/document/210223-adaptation-final-report-top.pdf,ieu_greenclimate_fund_Independent_evaluation_of_the_adaptation_portfolio.txt,failed,"[PDF ERROR] ('Connection aborted.', ConnectionResetError(10054, 'An existing connection was forcibly closed by the remote host', None, 10054, None))"
Kenya Country Environmental Analysis - World Bank Document,https://documents1.worldbank.org/curated/en/939861592515485722/pdf/Kenya-Country-Environmental-Analysis.pdf,documents1_worldbank_org_Kenya_Country_Environmental_Analysis_World_Bank_Do.txt,failed,"[FETCH ERROR] (""Connection broken: ConnectionResetError(10054, 'An existing connection was forcibly closed by the remote host', None, 10054, None)"", ConnectionResetError(10054, 'An existing connection was forcibly closed by the remote host', None, 10054, None))"
republic of south sudan - national biodiversity strategy and ...,https://www.cbd.int/doc/world/ss/ss-nbsap-01-en.pdf,www_cbd_int_republic_of_south_sudan_national_biodiversity_stra.txt,failed,"[FETCH ERROR] ('Connection aborted.', ConnectionResetError(10054, 'An existing connection was forcibly closed by the remote host', None, 10054, None))"
NATIONAL CLIMATE CHANGE RESPONSE STRATEGY ...,https://www.taees.org/wp-content/uploads/2021/09/NCCRS-2021-2026_-Final_PK.pdf,www_taees_org_NATIONAL_CLIMATE_CHANGE_RESPONSE_STRATEGY_.txt,failed,"[FETCH ERROR] (""Connection broken: ConnectionResetError(10054, 'An existing connection was forcibly closed by the remote host', None, 10054, None)"", ConnectionResetError(10054, 'An existing connection was forcibly closed by the remote host', None, 10054, None))"
Progress on Integrated Water Resources Management,https://www.unwater.org/sites/default/files/app/uploads/2021/09/SDG6_Indicator_Report_651_Progress-on-Integrated-Water-Resources-Management_2021_EN.pdf,www_unwater_org_Progress_on_Integrated_Water_Resources_Management.txt,failed,"[FETCH ERROR] ('Connection aborted.', ConnectionResetError(10054, 'An existing connection was forcibly closed by the remote host', None, 10054, None))"
regional model policy/legal framework for - FAOLEX,https://faolex.fao.org/docs/pdf/igad215606.pdf,faolex_fao_org_regional_model_policy_legal_framework_for_FAOLEX.txt,failed,"[FETCH ERROR] ('Connection aborted.', ConnectionResetError(10054, 'An existing connection was forcibly closed by the remote host', None, 10054, None))"
Nature-based solutions for climate change mitigation,https://www.oneplanetnetwork.org/sites/default/files/from-crm/NBSCCM.pdf,www_oneplanetnetwork_org_Nature_based_solutions_for_climate_change_mitigati.txt,failed,"[FETCH ERROR] ('Connection aborted.', ConnectionResetError(10054, 'An existing connection was forcibly closed by the remote host', None, 10054, None))"
UNDP Climate Promise Progress Report,https://www.undp.org/sites/g/files/zskgke326/files/2021-05/undp-climate-promise-progress-report-april-2021.pdf,www_undp_org_UNDP_Climate_Promise_Progress_Report.txt,failed,"[FETCH ERROR] ('Connection aborted.', ConnectionResetError(10054, 'An existing connection was forcibly closed by the remote host', None, 10054, None))"
Options under International Law to Increase Resource ...,https://www.umweltbundesamt.de/system/files/medien/5750/publikationen/2021-06-29_texte_102-2021_voeress.pdf,www_umweltbundesamt_de_Options_under_International_Law_to_Increase_Resour.txt,failed,"[FETCH ERROR] ('Connection aborted.', ConnectionResetError(10054, 'An existing connection was forcibly closed by the remote host', None, 10054, None))"
Regional Strategy and Action Plan for Mainstreaming ...,https://www.gfdrr.org/sites/default/files/publication/Regional%20Strategy%20and%20Action%20Plan%20for%20Mainstreaming%20Gender%20in%20DRM%20and%20CCA-Final_EN.pdf,www_gfdrr_org_Regional_Strategy_and_Action_Plan_for_Mainstreamin.txt,failed,"[FETCH ERROR] ('Connection aborted.', ConnectionResetError(10054, 'An existing connection was forcibly closed by the remote host', None, 10054, None))"
Sand and Sustainability: Finding new solutions for ...,https://unepgrid.ch/storage/app/media/documents/Sand_and_sustainability_UNEP_2019.pdf,unepgrid_ch_Sand_and_Sustainability_Finding_new_solutions_for_.txt,failed,"[FETCH ERROR] ('Connection aborted.', ConnectionResetError(10054, 'An existing connection was forcibly closed by the remote host', None, 10054, None))"
Kenya launched the National Climate Change Action Plan ...,https://www.facebook.com/EnvironmentClimateChangeForestryKenya/posts/kenya-launched-the-national-climate-change-action-plan-iii-nccap-2023-2027-as-an/847621324213063/,www_facebook_com_Kenya_launched_the_National_Climate_Change_Action_.txt,failed,"[FETCH ERROR] ('Connection aborted.', ConnectionResetError(10054, 'An existing connection was forcibly closed by the remote host', None, 10054, None))"
Adaptation and development pathways for different types of ...,https://www.sciencedirect.com/science/article/pii/S1462901119305209,www_sciencedirect_com_Adaptation_and_development_pathways_for_different_.txt,failed,"[FETCH ERROR] ('Connection aborted.', ConnectionResetError(10054, 'An existing connection was forcibly closed by the remote host', None, 10054, None))"
LESSONS IN MULTILATERAL EFFECTIVENESS,https://www.mopan.org/content/dam/mopan/en/publications/our-work/insights/lme-climate/mopan-lme-climate-change-volume2.pdf,www_mopan_org_LESSONS_IN_MULTILATERAL_EFFECTIVENESS.txt,failed,"[FETCH ERROR] ('Connection aborted.', ConnectionResetError(10054, 'An existing connection was forcibly closed by the remote host', None, 10054, None))"
Kenya's Initial Biennial Update Report,https://unfccc.int/sites/default/files/resource/Initial%20Biennial%20Update%20Report.pdf,unfccc_int_Kenya_s_Initial_Biennial_Update_Report.txt,failed,"[FETCH ERROR] ('Connection aborted.', ConnectionResetError(10054, 'An existing connection was forcibly closed by the remote host', None, 10054, None))"
kenya: strengthening institutional arrangements for ...,https://climateactiontransparency.org/resources/kenya-mrv-institutions/,climateactiontransparency_org_kenya_strengthening_institutional_arrangements_for.txt,failed,"[PDF ERROR] ('Connection aborted.', ConnectionResetError(10054, 'An existing connection was forcibly closed by the remote host', None, 10054, None))"
Kenya Unveils Comprehensive Legal Framework to ...,https://ndcpartnership.org/news/kenya-unveils-comprehensive-legal-framework-accelerate-climate-action,ndcpartnership_org_Kenya_Unveils_Comprehensive_Legal_Framework_to_.txt,failed,"[FETCH ERROR] ('Connection aborted.', ConnectionResetError(10054, 'An existing connection was forcibly closed by the remote host', None, 10054, None))"
The United Nations Environmental Program Efforts in ...,https://rsisinternational.org/journals/ijriss/articles/the-united-nations-environmental-program-efforts-in-the-implementation-of-multilateral-environmental-agreements-in-nairobi-city-county-kenya-1992-2022/,rsisinternational_org_The_United_Nations_Environmental_Program_Efforts_i.txt,failed,"[FETCH ERROR] ('Connection aborted.', ConnectionResetError(10054, 'An existing connection was forcibly closed by the remote host', None, 10054, None))"
Kenya-NCCAP-2023-2027-1.pdf,https://emsi.co.ke/wp-content/uploads/2024/08/Kenya-NCCAP-2023-2027-1.pdf,emsi_co_ke_Kenya_NCCAP_2023_2027_1_pdf.txt,failed,"[FETCH ERROR] ('Connection aborted.', ConnectionResetError(10054, 'An existing connection was forcibly closed by the remote host', None, 10054, None))"
Adapting to a New Climate,https://www.unepfi.org/wordpress/wp-content/uploads/2022/11/Adapting-to-a-New-Climate.pdf,www_unepfi_org_Adapting_to_a_New_Climate.txt,failed,"[FETCH ERROR] ('Connection aborted.', ConnectionResetError(10054, 'An existing connection was forcibly closed by the remote host', None, 10054, None))"
Assessing Kenya's Climate Adaptation and Mitigation ...,https://cgspace.cgiar.org/bitstreams/87a088cf-5364-4585-8179-cda154dc9cf2/download,cgspace_cgiar_org_Assessing_Kenya_s_Climate_Adaptation_and_Mitigatio.txt,failed,"[FETCH ERROR] ('Connection aborted.', ConnectionResetError(10054, 'An existing connection was forcibly closed by the remote host', None, 10054, None))"
"UNEP, annual report, 2022",https://www.unep.org/annualreport/2022,www_unep_org_UNEP_annual_report_2022.txt,failed,"[FETCH ERROR] ('Connection aborted.', ConnectionResetError(10054, 'An existing connection was forcibly closed by the remote host', None, 10054, None))"
Kenya backs UNEP's new Medium-Term Strategy to steer ...,https://www.kbc.co.ke/kenya-backs-uneps-new-medium-term-strategy-to-steer-global-environmental-action/,www_kbc_co_ke_Kenya_backs_UNEP_s_new_Medium_Term_Strategy_to_ste.txt,failed,"[FETCH ERROR] ('Connection aborted.', ConnectionResetError(10054, 'An existing connection was forcibly closed by the remote host', None, 10054, None))"
In search of a sustainable future: A comparative ...,https://onlinelibrary.wiley.com/doi/full/10.1111/reel.12545,onlinelibrary_wiley_com_In_search_of_a_sustainable_future_A_comparative_.txt,failed,"[FETCH ERROR] ('Connection aborted.', ConnectionResetError(10054, 'An existing connection was forcibly closed by the remote host', None, 10054, None))"
KENYA'S THIRD NATIONAL COMMUNICATION (NC3),https://unfccc.int/sites/default/files/resource/MoECCF%20Kenya%20National%20Communication.pdf,unfccc_int_KENYA_S_THIRD_NATIONAL_COMMUNICATION_NC3_.txt,failed,"[FETCH ERROR] ('Connection aborted.', ConnectionResetError(10054, 'An existing connection was forcibly closed by the remote host', None, 10054, None))"
UNEP Medium-Term Strategy,https://www.unep.org/resources/unep-medium-term-strategy,www_unep_org_UNEP_Medium_Term_Strategy.txt,failed,"[FETCH ERROR] ('Connection aborted.', ConnectionResetError(10054, 'An existing connection was forcibly closed by the remote host', None, 10054, None))"
UNDP Kenya - CPD 2022-2026,https://www.undp.org/sites/g/files/zskgke326/files/2022-11/UNDP%20Kenya%20-%20CPD%202022-2026%20-14th%20Nov%202022.pdf,www_undp_org_UNDP_Kenya_CPD_2022_2026.txt,failed,"[FETCH ERROR] ('Connection aborted.', ConnectionResetError(10054, 'An existing connection was forcibly closed by the remote host', None, 10054, None))"
Emissions Gap Report 2022,https://www.unep.org/resources/emissions-gap-report-2022,www_unep_org_Emissions_Gap_Report_2022.txt,failed,"[FETCH ERROR] ('Connection aborted.', ConnectionResetError(10054, 'An existing connection was forcibly closed by the remote host', None, 10054, None))"
CLIMATE CHANGE ACTION PLAN 2023 - 2027,https://www.nyeri.go.ke/wp-content/uploads/2025/12/Nyeri-County-CCAP-Report-2023-2027-4.pdf,www_nyeri_go_ke_CLIMATE_CHANGE_ACTION_PLAN_2023_2027.txt,failed,"[FETCH ERROR] ('Connection aborted.', ConnectionResetError(10054, 'An existing connection was forcibly closed by the remote host', None, 10054, None))"
National Climate Change Action Plan (NCCAP) III 2023-2027,https://emsi.co.ke/other-publications/national-climate-change-action-plan-nccap-iii-2023-2027/,emsi_co_ke_National_Climate_Change_Action_Plan_NCCAP_III_2023.txt,failed,"[FETCH ERROR] ('Connection aborted.', ConnectionResetError(10054, 'An existing connection was forcibly closed by the remote host', None, 10054, None))"
Kenya's Adaptation Communication to the United Nations ...,https://unfccc.int/sites/default/files/2025-12/Kenya%27s%20Adcom%20Report%20v6-Jan%202025.pdf,unfccc_int_Kenya_s_Adaptation_Communication_to_the_United_Nat.txt,failed,"[FETCH ERROR] ('Connection aborted.', ConnectionResetError(10054, 'An existing connection was forcibly closed by the remote host', None, 10054, None))"
United Nations Kenya Sustainable ...,https://unsdg.un.org/download/5407/74278,unsdg_un_org_United_Nations_Kenya_Sustainable_.txt,failed,"[FETCH ERROR] ('Connection aborted.', ConnectionResetError(10054, 'An existing connection was forcibly closed by the remote host', None, 10054, None))"
National Climate Change Action Plan-NCCAP 2018-2022 ...,https://kenyaclimatedirectory.org/resources/64f2dcc6e90e3,kenyaclimatedirectory_org_National_Climate_Change_Action_Plan_NCCAP_2018_202.txt,failed,"[FETCH ERROR] ('Connection aborted.', ConnectionResetError(10054, 'An existing connection was forcibly closed by the remote host', None, 10054, None))"
Strategies for Mainstreaming Climate Action in Ministries of ...,https://www.financeministersforclimate.org/sites/default/files/inline-files/Strategies%20for%20Mainstreaming%20Climate%20Action%20in%20Ministries%20of%20Finance.pdf,www_financeministersforclimate_org_Strategies_for_Mainstreaming_Climate_Action_in_Min.txt,failed,"[FETCH ERROR] ('Connection aborted.', ConnectionResetError(10054, 'An existing connection was forcibly closed by the remote host', None, 10054, None))"
Kenya's National Climate Change Action Plan 2018-2022,https://www.kenyaclimatedirectory.org/resources/65166a6827794,www_kenyaclimatedirectory_org_Kenya_s_National_Climate_Change_Action_Plan_2018_2.txt,failed,"[FETCH ERROR] ('Connection aborted.', ConnectionResetError(10054, 'An existing connection was forcibly closed by the remote host', None, 10054, None))"
Let the courts decide? The Potential and Limitations of ...,https://www.idea.int/publications/catalogue/html/let-courts-decide-potential-and-limitations-climate-litigation,www_idea_int_Let_the_courts_decide_The_Potential_and_Limitation.txt,failed,"[FETCH ERROR] ('Connection aborted.', ConnectionResetError(10054, 'An existing connection was forcibly closed by the remote host', None, 10054, None))"
Kenya's Climate Action Initiatives: Multi-Sectoral ...,https://koreascience.kr/article/JAKO202529636050529.page,koreascience_kr_Kenya_s_Climate_Action_Initiatives_Multi_Sectoral_.txt,failed,"[FETCH ERROR] ('Connection aborted.', ConnectionResetError(10054, 'An existing connection was forcibly closed by the remote host', None, 10054, None))"
Trends in Climate & Legal Action,https://www.linkedin.com/pulse/trends-climate-legal-action-robin-farrell-r3fhf,www_linkedin_com_Trends_in_Climate_Legal_Action.txt,failed,"[FETCH ERROR] ('Connection aborted.', ConnectionResetError(10054, 'An existing connection was forcibly closed by the remote host', None, 10054, None))"
"National Environment Policy, 2013",https://faolex.fao.org/docs/pdf/ken147906.pdf,faolex_fao_org_National_Environment_Policy_2013.txt,failed,"[FETCH ERROR] ('Connection aborted.', ConnectionResetError(10054, 'An existing connection was forcibly closed by the remote host', None, 10054, None))"
An Inventory of Nature-based Solutions (NbS) in Kenya,https://gca.org/wp-content/uploads/2025/05/26.05.2025.GCA-Kenya-NbS-Compendium-Reco_FINAL.pdf,gca_org_An_Inventory_of_Nature_based_Solutions_NbS_in_Keny.txt,failed,"[FETCH ERROR] ('Connection aborted.', ConnectionResetError(10054, 'An existing connection was forcibly closed by the remote host', None, 10054, None))"
Emissions Gap Report 2023: Broken Record,https://www.unep.org/interactives/emissions-gap-report/2023/,www_unep_org_Emissions_Gap_Report_2023_Broken_Record.txt,failed,"[FETCH ERROR] ('Connection aborted.', ConnectionResetError(10054, 'An existing connection was forcibly closed by the remote host', None, 10054, None))"
Fact Sheet 1: Climate change adaptation strategies,https://www.mrcmekong.org/wp-content/uploads/2024/08/Fact-sheets-of-intl-experiences-on-the-formulation-implementation-of-t.pdf,www_mrcmekong_org_Fact_Sheet_1_Climate_change_adaptation_strategies.txt,failed,"[FETCH ERROR] ('Connection aborted.', ConnectionResetError(10054, 'An existing connection was forcibly closed by the remote host', None, 10054, None))"
Review of the Implementation of Kenya's National ...,https://napglobalnetwork.org/wp-content/uploads/2023/01/napgn-en-2023-review-implementation-kenya-agriculture-national-adaptation-plan-2015-2030.pdf,napglobalnetwork_org_Review_of_the_Implementation_of_Kenya_s_National_.txt,failed,"[FETCH ERROR] ('Connection aborted.', ConnectionResetError(10054, 'An existing connection was forcibly closed by the remote host', None, 10054, None))"
Mainstreaming Climate Action into National Development ...,https://ndcpartnership.org/sites/default/files/2023-12/ndcpresource-briefmainstreaming-climate-development-planning2022.pdf,ndcpartnership_org_Mainstreaming_Climate_Action_into_National_Develop.txt,failed,"[FETCH ERROR] ('Connection aborted.', ConnectionResetError(10054, 'An existing connection was forcibly closed by the remote host', None, 10054, None))"
KENYA'S OPEN GOVERNMENT PARTNERSHIP (OGP),https://www.opengovpartnership.org/wp-content/uploads/2024/01/Kenya_Action-Plan_2023-2027_December.pdf,www_opengovpartnership_org_KENYA_S_OPEN_GOVERNMENT_PARTNERSHIP_OGP_.txt,failed,"[FETCH ERROR] ('Connection aborted.', ConnectionResetError(10054, 'An existing connection was forcibly closed by the remote host', None, 10054, None))"
Managing the challenges of climate change mitigation and ...,https://www.sciencedirect.com/science/article/pii/S2405844023026981,www_sciencedirect_com_Managing_the_challenges_of_climate_change_mitigati.txt,failed,"[FETCH ERROR] ('Connection aborted.', ConnectionResetError(10054, 'An existing connection was forcibly closed by the remote host', None, 10054, None))"
Legal Framework and Policy Design,https://aqmx.org/content/legal-framework-and-policy-design,aqmx_org_Legal_Framework_and_Policy_Design.txt,failed,"[FETCH ERROR] ('Connection aborted.', ConnectionResetError(10054, 'An existing connection was forcibly closed by the remote host', None, 10054, None))"
Adapting to a New Climate in the MENA Region,https://www.uncclearn.org/wp-content/uploads/library/Adapting-to-a-new-climate-MENA.pdf,www_uncclearn_org_Adapting_to_a_New_Climate_in_the_MENA_Region.txt,failed,"[FETCH ERROR] ('Connection aborted.', ConnectionResetError(10054, 'An existing connection was forcibly closed by the remote host', None, 10054, None))"
Summary report 14–18 July 2025 - Earth Negotiations Bulletin,https://enb.iisd.org/african-ministerial-conference-environment-amcen-20-summary,enb_iisd_org_Summary_report_14_18_July_2025_Earth_Negotiations_.txt,failed,"[FETCH ERROR] ('Connection aborted.', ConnectionResetError(10054, 'An existing connection was forcibly closed by the remote host', None, 10054, None))"
Enabling Adaptation - Environmental Change Institute,https://www.eci.ox.ac.uk/sites/default/files/2025-01/UNEP%20Enabling%20Adaptation%20Report%20%282025%29.pdf,www_eci_ox_ac_uk_Enabling_Adaptation_Environmental_Change_Institute.txt,failed,"[FETCH ERROR] ('Connection aborted.', ConnectionResetError(10054, 'An existing connection was forcibly closed by the remote host', None, 10054, None))"
Climate Change and Trade in the Philippines,https://www.intracen.org/file/20250703itcclimate-philipines04webpagespdf,www_intracen_org_Climate_Change_and_Trade_in_the_Philippines.txt,failed,"[FETCH ERROR] ('Connection aborted.', ConnectionResetError(10054, 'An existing connection was forcibly closed by the remote host', None, 10054, None))"
Climate Litigation in the Global South: Mapping Report,https://scholarship.law.columbia.edu/context/sabin_climate_change/article/1231/viewcontent/Climate_Litigation_in_the_Global_South_Mapping_JUN24_FINAL___TIffany_Campiz_Challe.pdf,scholarship_law_columbia_edu_Climate_Litigation_in_the_Global_South_Mapping_Rep.txt,failed,"[FETCH ERROR] ('Connection aborted.', ConnectionResetError(10054, 'An existing connection was forcibly closed by the remote host', None, 10054, None))"
Effectiveness and requirements for the Global Plastics Treaty,https://researchportal.port.ac.uk/files/114389955/National_Action_Plans.pdf,researchportal_port_ac_uk_Effectiveness_and_requirements_for_the_Global_Plas.txt,failed,"[FETCH ERROR] ('Connection aborted.', ConnectionResetError(10054, 'An existing connection was forcibly closed by the remote host', None, 10054, None))"
TURKMENISTAN,https://www.undp.org/sites/g/files/zskgke326/files/2025-07/icpe-turkmenistan-report.pdf,www_undp_org_TURKMENISTAN.txt,failed,"[FETCH ERROR] ('Connection aborted.', ConnectionResetError(10054, 'An existing connection was forcibly closed by the remote host', None, 10054, None))"
SHARM EL-SHEIKH ADAPTATION AGENDA,https://www.climatechampions.net/media/paoaadee/sharm-el-sheikh-adaptation-agenda-2023-implementation-report.pdf,www_climatechampions_net_SHARM_EL_SHEIKH_ADAPTATION_AGENDA.txt,failed,"[FETCH ERROR] ('Connection aborted.', ConnectionResetError(10054, 'An existing connection was forcibly closed by the remote host', None, 10054, None))"
"MINISTRY OF ENVIRONMENT, CLIMATE CHANGE AND ...",https://flr.kefri.org/media_root/documents/content/docs/Final_Version_FOLAREP_20052023_.pdf,flr_kefri_org_MINISTRY_OF_ENVIRONMENT_CLIMATE_CHANGE_AND_.txt,failed,"[FETCH ERROR] ('Connection aborted.', ConnectionResetError(10054, 'An existing connection was forcibly closed by the remote host', None, 10054, None))"
FULLY DEVELOPED PROPOSAL FOR SINGLE COUNTRY,https://www.adaptation-fund.org/wp-content/uploads/2025/05/NEMA_Kenya_FP.pdf,www_adaptation-fund_org_FULLY_DEVELOPED_PROPOSAL_FOR_SINGLE_COUNTRY.txt,failed,"[FETCH ERROR] ('Connection aborted.', ConnectionResetError(10054, 'An existing connection was forcibly closed by the remote host', None, 10054, None))"
Review of the Implementation of Kenya's National ...,https://www.kenyaclimatedirectory.org/resources/651ab8a0f0d33,www_kenyaclimatedirectory_org_Review_of_the_Implementation_of_Kenya_s_National_.txt,failed,"[FETCH ERROR] ('Connection aborted.', ConnectionResetError(10054, 'An existing connection was forcibly closed by the remote host', None, 10054, None))"
The Power of Policy,https://www.nature.org/content/dam/tnc/nature/en/documents/0/9/092925_ThePowerofPolicy_FINAL.pdf,www_nature_org_The_Power_of_Policy.txt,failed,"[FETCH ERROR] ('Connection aborted.', ConnectionResetError(10054, 'An existing connection was forcibly closed by the remote host', None, 10054, None))"
Integrated fire management as an adaptation and ...,https://www.nature.com/articles/s43247-025-02165-9,www_nature_com_Integrated_fire_management_as_an_adaptation_and_.txt,failed,"[FETCH ERROR] ('Connection aborted.', ConnectionResetError(10054, 'An existing connection was forcibly closed by the remote host', None, 10054, None))"
Climate Adaptation Investment Framework,https://www.oecd.org/content/dam/oecd/en/publications/reports/2024/11/climate-adaptation-investment-framework_30362f60/8686fc27-en.pdf,www_oecd_org_Climate_Adaptation_Investment_Framework.txt,failed,"[FETCH ERROR] ('Connection aborted.', ConnectionResetError(10054, 'An existing connection was forcibly closed by the remote host', None, 10054, None))"
State of Transition in Sovereigns 2024:,https://www.transitionpathwayinitiative.org/publications/uploads/2024-state-of-transition-in-sovereigns-2024-tracking-national-climate-action-for-investors-report.pdf,www_transitionpathwayinitiative_org_State_of_Transition_in_Sovereigns_2024_.txt,failed,"[FETCH ERROR] ('Connection aborted.', ConnectionResetError(10054, 'An existing connection was forcibly closed by the remote host', None, 10054, None))"
Promoting Sustainable Finance and Climate ...,https://www.unepfi.org/wordpress/wp-content/uploads/2021/01/Sustainable-Arab-Finance-Report-Jan-2021.pdf,www_unepfi_org_Promoting_Sustainable_Finance_and_Climate_.txt,failed,"[FETCH ERROR] ('Connection aborted.', ConnectionResetError(10054, 'An existing connection was forcibly closed by the remote host', None, 10054, None))"
How to Make the Management of Public Finances Climate ...,https://www.elibrary.imf.org/view/journals/061/2022/006/article-A001-en.xml,www_elibrary_imf_org_How_to_Make_the_Management_of_Public_Finances_Clim.txt,failed,"[FETCH ERROR] ('Connection aborted.', ConnectionResetError(10054, 'An existing connection was forcibly closed by the remote host', None, 10054, None))"
Mitigating the Effects of Climate Change in Kenya,https://erepository.uonbi.ac.ke/bitstreams/0b4528df-f73b-48d3-92b2-ee00073b894b/download,erepository_uonbi_ac_ke_Mitigating_the_Effects_of_Climate_Change_in_Kenya.txt,failed,"[FETCH ERROR] ('Connection aborted.', ConnectionResetError(10054, 'An existing connection was forcibly closed by the remote host', None, 10054, None))"
Understanding-and-Increasing-Finance-for- ...,https://climatepolicyinitiative.org/wp-content/uploads/2018/12/Understanding-and-Increasing-Finance-for-Climate-Adaptation-in-Developing-Countries-1.pdf,climatepolicyinitiative_org_Understanding_and_Increasing_Finance_for_.txt,failed,"[FETCH ERROR] ('Connection aborted.', ConnectionResetError(10054, 'An existing connection was forcibly closed by the remote host', None, 10054, None))"
implications for NDC accounting and transparency,https://www.ebrd.com/content/dam/ebrd_dxp/assets/pdfs/green/knowledge-hub/Implications%20for%20NDC%20accounting%20and%20transparency.pdf,www_ebrd_com_implications_for_NDC_accounting_and_transparency.txt,failed,"[FETCH ERROR] ('Connection aborted.', ConnectionResetError(10054, 'An existing connection was forcibly closed by the remote host', None, 10054, None))"
Adapt-or-Trapped-The-Urgent-Need-of-Climate-Change ...,https://www.thinktriangle.net/wp-content/uploads/2021/08/Adapt-or-Trapped-The-Urgent-Need-of-Climate-Change-Adaptation-in-Lebanon.pdf,www_thinktriangle_net_Adapt_or_Trapped_The_Urgent_Need_of_Climate_Change.txt,failed,"[FETCH ERROR] ('Connection aborted.', ConnectionResetError(10054, 'An existing connection was forcibly closed by the remote host', None, 10054, None))"
Council for Development Republic of Lebanon National ...,https://www.urbanagendaplatform.org/sites/default/files/2022-04/NUA%20Draft%20Report.pdf,www_urbanagendaplatform_org_Council_for_Development_Republic_of_Lebanon_Nation.txt,failed,"[FETCH ERROR] ('Connection aborted.', ConnectionResetError(10054, 'An existing connection was forcibly closed by the remote host', None, 10054, None))"
Climate Change Adaptation in the Arab States,https://www.undp.org/sites/g/files/zskgke326/files/publications/Arab-States-CCA.pdf,www_undp_org_Climate_Change_Adaptation_in_the_Arab_States.txt,failed,"[FETCH ERROR] ('Connection aborted.', ConnectionResetError(10054, 'An existing connection was forcibly closed by the remote host', None, 10054, None))"
Adaptation Gap Report 2020,https://unepccc.org/wp-content/uploads/2021/01/adaptation-gap-report-2020.pdf,unepccc_org_Adaptation_Gap_Report_2020.txt,failed,"[FETCH ERROR] ('Connection aborted.', ConnectionResetError(10054, 'An existing connection was forcibly closed by the remote host', None, 10054, None))"
IUCN Regional Office for West Asia,https://www.facebook.com/IUCNROWA/posts/iucns-regional-office-for-west-asia-in-collaboration-with-the-ministry-of-enviro/1637947296389198/,www_facebook_com_IUCN_Regional_Office_for_West_Asia.txt,failed,"[FETCH ERROR] ('Connection aborted.', ConnectionResetError(10054, 'An existing connection was forcibly closed by the remote host', None, 10054, None))"
Climate Change in South Asia: Further Need for Mitigation ...,https://www.elibrary.imf.org/view/journals/001/2021/217/article-A001-en.xml,www_elibrary_imf_org_Climate_Change_in_South_Asia_Further_Need_for_Miti.txt,failed,"[FETCH ERROR] ('Connection aborted.', ConnectionResetError(10054, 'An existing connection was forcibly closed by the remote host', None, 10054, None))"
17969VClist20180314.csv - SDGs - the United Nations,https://sdgs.un.org/sites/default/files/documents/17969VClist20180314.csv,sdgs_un_org_17969VClist20180314_csv_SDGs_the_United_Nations.txt,failed,"[FETCH ERROR] ('Connection aborted.', ConnectionResetError(10054, 'An existing connection was forcibly closed by the remote host', None, 10054, None))"
German Sustainable Development Strategy,https://www.bundesregierung.de/resource/blob/974430/1940716/1c63c8739d10011eb116fda1aecb61ca/german-sustainable-development-strategy-en-data.pdf,www_bundesregierung_de_German_Sustainable_Development_Strategy.txt,failed,"[FETCH ERROR] ('Connection aborted.', ConnectionResetError(10054, 'An existing connection was forcibly closed by the remote host', None, 10054, None))"
Advancing towards gender mainstreaming in ...,https://gwpo-gwp.org/wp-content/uploads/2026/04/advancing-towards-gender-maintreaming-in-wrm-report.pdf,gwpo-gwp_org_Advancing_towards_gender_mainstreaming_in_.txt,failed,"[FETCH ERROR] ('Connection aborted.', ConnectionResetError(10054, 'An existing connection was forcibly closed by the remote host', None, 10054, None))"
Sustainable Blue Tourism,https://www.iddri.org/sites/default/files/PDF/Publications/Hors%20catalogue%20Iddri/20190620_BLUE%20TOURISM%20STUDY_EN.pdf,www_iddri_org_Sustainable_Blue_Tourism.txt,failed,"[FETCH ERROR] ('Connection aborted.', ConnectionResetError(10054, 'An existing connection was forcibly closed by the remote host', None, 10054, None))"
An Overview of Green Reforms in Country Procurement Systems,https://documents1.worldbank.org/curated/en/157141636056129273/pdf/Green-Public-Procurement-An-Overview-of-Green-Reforms-in-Country-Procurement-Systems.pdf,documents1_worldbank_org_An_Overview_of_Green_Reforms_in_Country_Procuremen.txt,failed,"[FETCH ERROR] ('Connection aborted.', ConnectionResetError(10054, 'An existing connection was forcibly closed by the remote host', None, 10054, None))"
"(PDF) UNEP 2021, Sustainable Public Procurement",https://www.researchgate.net/publication/355889107_UNEP_2021_Sustainable_Public_Procurement_How_to_Wake_the_Sleeping_Giant_Introducing_the_United_Nations_Environment_Programme's_Approach,www_researchgate_net__PDF_UNEP_2021_Sustainable_Public_Procurement.txt,failed,"[FETCH ERROR] ('Connection aborted.', ConnectionResetError(10054, 'An existing connection was forcibly closed by the remote host', None, 10054, None))"
Climate Change and Environment,https://www.aub.edu.lb/ifi/Pages/climate-change-and-environment.aspx,www_aub_edu_lb_Climate_Change_and_Environment.txt,failed,"[FETCH ERROR] ('Connection aborted.', ConnectionResetError(10054, 'An existing connection was forcibly closed by the remote host', None, 10054, None))"
"Environmental, Social and Governance",https://greenfinancelac.org/wp-content/uploads/2020/06/Environmental_Social_Governance.2.pdf,greenfinancelac_org_Environmental_Social_and_Governance.txt,failed,"[FETCH ERROR] ('Connection aborted.', ConnectionResetError(10054, 'An existing connection was forcibly closed by the remote host', None, 10054, None))"
Legal Aspects of Climate Change Adaptation,https://www.ibanet.org/document?id=Climate-Change-Adaptation-Report-2021,www_ibanet_org_Legal_Aspects_of_Climate_Change_Adaptation.txt,failed,"[FETCH ERROR] ('Connection aborted.', ConnectionResetError(10054, 'An existing connection was forcibly closed by the remote host', None, 10054, None))"
Sustainable Development Goal 6 Synthesis Report on ...,https://www.unwater.org/sites/default/files/app/uploads/2018/12/SDG6_SynthesisReport2018_WaterandSanitation_04122018.pdf,www_unwater_org_Sustainable_Development_Goal_6_Synthesis_Report_on.txt,failed,"[PDF ERROR] HTTPSConnectionPool(host='www.unwater.org', port=443): Read timed out."
National Climate Change Action Plan 2018-2022,https://napglobalnetwork.org/wp-content/uploads/2022/01/napgn-en-2022-kenya-NCCAP-2018-2022-Implemantation-Status-Report.pdf,napglobalnetwork_org_National_Climate_Change_Action_Plan_2018_2022.txt,failed,"[PDF ERROR] HTTPSConnectionPool(host='napglobalnetwork.org', port=443): Read timed out."
INSTITUTIONAL CAPACITIES FOR NDC IMPLEMENTATION,https://transparency-partnership.net/system/files/document/UNEP%20DTUP%202018_%20Institutional%20Capacities%20For%20NDC%20Implementation.pdf,transparency-partnership_net_INSTITUTIONAL_CAPACITIES_FOR_NDC_IMPLEMENTATION.txt,failed,"[FETCH ERROR] HTTPSConnectionPool(host='transparency-partnership.net', port=443): Read timed out."
State of the Environment and Development in ...,https://planbleu.org/wp-content/uploads/2020/11/SoED-Full-Report.pdf,planbleu_org_State_of_the_Environment_and_Development_in_.txt,failed,"[FETCH ERROR] HTTPSConnectionPool(host='planbleu.org', port=443): Read timed out."
SOER REPORT,https://www.unicef.org/lebanon/media/7161/file/SOER_Report_EN.pdf,www_unicef_org_SOER_REPORT.txt,failed,[BLOCKED_403] https://www.unicef.org/lebanon/media/7161/file/SOER_Report_EN.pdf
First Global Report,https://environmentalmigration.iom.int/sites/g/files/tmzbdl1411/files/documents/2023-11/environmental_rule_of_law.pdf,environmentalmigration_iom_int_First_Global_Report.txt,failed,"[FETCH ERROR] HTTPSConnectionPool(host='environmentalmigration.iom.int', port=443): Read timed out."
Scaling up UNDP engagement with Ministries of Finance ...,https://www.learningfornature.org/wp-content/uploads/2019/08/COVID-19-and-Green-Recovery-Efforts_Scaling-up-UNDP-engagement-with-Ministries-of-Finance-on-the-SDGs-and-Climate-Action-in-the-context-of-COVID-19_2020_UNDP_Tool.pdf,www_learningfornature_org_Scaling_up_UNDP_engagement_with_Ministries_of_Fina.txt,failed,[BLOCKED_403] https://www.learningfornature.org/wp-content/uploads/2019/08/COVID-19-and-Green-Recovery-Efforts_Scaling-up-UNDP-engagement-with-Ministries-of-Finance-on-the-SDGs-and-Climate-Action-in-the-context-of-COVID-19_2020_UNDP_Tool.pdf
THE ROLE OF GREEN PUBLIC PROCUREMENT,https://www.climateworks.org/wp-content/uploads/2019/09/Green-Public-Procurement-Final-28Aug2019.pdf,www_climateworks_org_THE_ROLE_OF_GREEN_PUBLIC_PROCUREMENT.txt,failed,"[FETCH ERROR] HTTPSConnectionPool(host='www.climateworks.org', port=443): Read timed out. (read timeout=25)"
Lebanon Assessment of the Public Procurement System,https://www.mapsinitiative.org/content/dam/maps-initiative/en/assessments/lebanon/maps-assessment-lebanon-main-report.pdf/_jcr_content/renditions/original./maps-assessment-lebanon-main-report.pdf,www_mapsinitiative_org_Lebanon_Assessment_of_the_Public_Procurement_Syste.txt,failed,[BLOCKED_403] https://www.mapsinitiative.org/content/dam/maps-initiative/en/assessments/lebanon/maps-assessment-lebanon-main-report.pdf/_jcr_content/renditions/original./maps-assessment-lebanon-main-report.pdf
(PDF) United Nations Environment Program (UNEP),https://www.researchgate.net/publication/363258265_United_Nations_Environment_Program_UNEP,www_researchgate_net__PDF_United_Nations_Environment_Program_UNEP_.txt,failed,[BLOCKED_403] https://www.researchgate.net/publication/363258265_United_Nations_Environment_Program_UNEP
further updates will be published,https://mof.gov.jo/EBV4.0/Root_Storage/AR/itar2024_compressed.pdf,mof_gov_jo_further_updates_will_be_published.txt,failed,"[FETCH ERROR] HTTPSConnectionPool(host='mof.gov.jo', port=443): Max retries exceeded with url: /EBV4.0/Root_Storage/AR/itar2024_compressed.pdf (Caused by NewConnectionError('<urllib3.connection.HTTPSConnection object at 0x000001D49E797430>: Failed to establish a new connection: [WinError 10060] A connection attempt failed because the connected party did not properly respond after a period of time, or established connection failed because connected host has failed to respond'))"
NDC 3.0,https://unfccc.int/sites/default/files/2025-09/LBN%20NDC%203.0%2030.09.2025%20Final.pdf,unfccc_int_NDC_3_0.txt,failed,"[PDF ERROR] ('Connection aborted.', RemoteDisconnected('Remote end closed connection without response'))"
ACCELERATING THE GLOBAL SHIFT TO A CLEANER ON ...,https://www.ccacoalition.org/sites/default/files/resources/files/ACCELERATING%20THE%20GLOBAL%20SHIFT%20TO%20A%20CLEANER%20ON-ROAD%20DIESEL%20FLEET%20-%20V1.3.pdf,www_ccacoalition_org_ACCELERATING_THE_GLOBAL_SHIFT_TO_A_CLEANER_ON_.txt,failed,[BLOCKED_403] https://www.ccacoalition.org/sites/default/files/resources/files/ACCELERATING%20THE%20GLOBAL%20SHIFT%20TO%20A%20CLEANER%20ON-ROAD%20DIESEL%20FLEET%20-%20V1.3.pdf
NDC 3.0 Guidebook for Indusrtial Decarbonization,https://decarbonization.unido.org/wp-content/uploads/2025/04/ndc-guidebook-vol1_final.pdf,decarbonization_unido_org_NDC_3_0_Guidebook_for_Indusrtial_Decarbonization.txt,failed,[BLOCKED_403] https://decarbonization.unido.org/wp-content/uploads/2025/04/ndc-guidebook-vol1_final.pdf
The Parliamentarian's guide to protecting the ...,https://pam.int/wp-content/uploads/2024/10/guide_protecting_Mediterranean_Sea_coast.pdf,pam_int_The_Parliamentarian_s_guide_to_protecting_the_.txt,failed,[BLOCKED_403] https://pam.int/wp-content/uploads/2024/10/guide_protecting_Mediterranean_Sea_coast.pdf
WPB 2025-2026 Compendium of Business Plans,https://gggi.org/wp-content/uploads/2024/09/Compendium-of-Business-Plans.pdf,gggi_org_WPB_2025_2026_Compendium_of_Business_Plans.txt,failed,"[FETCH ERROR] HTTPSConnectionPool(host='gggi.org', port=443): Max retries exceeded with url: /wp-content/uploads/2024/09/Compendium-of-Business-Plans.pdf (Caused by NewConnectionError('<urllib3.connection.HTTPSConnection object at 0x000001D4881E29D0>: Failed to establish a new connection: [WinError 10060] A connection attempt failed because the connected party did not properly respond after a period of time, or established connection failed because connected host has failed to respond'))"
2020 VOLUME III WATER RESOURCES MANAGEMENT,https://faolex.fao.org/docs/pdf/leb211917EVolIII.pdf,faolex_fao_org_2020_VOLUME_III_WATER_RESOURCES_MANAGEMENT.txt,failed,"[FETCH ERROR] ('Connection broken: IncompleteRead(8794447 bytes read, 3894984 more expected)', IncompleteRead(8794447 bytes read, 3894984 more expected))"
UN Environment Global Chemicals Outlook II,https://orbit.dtu.dk/files/170843838/GCOII_synth.pdf,orbit_dtu_dk_UN_Environment_Global_Chemicals_Outlook_II.txt,failed,[BLOCKED_403] https://orbit.dtu.dk/files/170843838/GCOII_synth.pdf
FROM POLLUTION TO SOLUTION,https://www.gdr-po.cnrs.fr/docs/UNEP_2021.pdf,www_gdr-po_cnrs_fr_FROM_POLLUTION_TO_SOLUTION.txt,failed,"[FETCH ERROR] HTTPSConnectionPool(host='www.gdr-po.cnrs.fr', port=443): Max retries exceeded with url: /docs/UNEP_2021.pdf (Caused by SSLError(SSLCertVerificationError(1, '[SSL: CERTIFICATE_VERIFY_FAILED] certificate verify failed: unable to get local issuer certificate (_ssl.c:1135)')))"
Situational analysis study for the agriculture sector in Ghana,https://cgspace.cgiar.org/server/api/core/bitstreams/6a34ddb8-146f-4a0a-b6ef-b79d0017e032/content,cgspace_cgiar_org_Situational_analysis_study_for_the_agriculture_sec.txt,failed,[BLOCKED_429] https://cgspace.cgiar.org/server/api/core/bitstreams/6a34ddb8-146f-4a0a-b6ef-b79d0017e032/content
AFRICAN UNION CLIMATE CHANGE AND RESILIENT ...,https://au.int/sites/default/files/documents/41959-doc-CC_Strategy_and_Action_Plan_2022-2032_08_02_23_Single_Print_Ready.pdf,au_int_AFRICAN_UNION_CLIMATE_CHANGE_AND_RESILIENT_.txt,failed,"[FETCH ERROR] HTTPSConnectionPool(host='au.int', port=443): Read timed out. (read timeout=25)"
"Government of The Gambia Ministry of Environment, ...",https://meccnar.gov.gm/sites/default/files/2022-11/Long%20Term%20Climate%20Change%20Strategy%20of%20The%20Gambia%20Final.pdf,meccnar_gov_gm_Government_of_The_Gambia_Ministry_of_Environment_.txt,failed,"[FETCH ERROR] HTTPSConnectionPool(host='meccnar.gov.gm', port=443): Max retries exceeded with url: /sites/default/files/2022-11/Long%20Term%20Climate%20Change%20Strategy%20of%20The%20Gambia%20Final.pdf (Caused by SSLError(SSLCertVerificationError(1, '[SSL: CERTIFICATE_VERIFY_FAILED] certificate verify failed: unable to get local issuer certificate (_ssl.c:1135)')))"
implementing-the-global-action-plan-on-antimicrobial- ...,https://www.woah.org/app/uploads/2024/01/implementing-the-global-action-plan-on-antimicrobial-resistance.pdf,www_woah_org_implementing_the_global_action_plan_on_antimicrobi.txt,failed,"[FETCH ERROR] ('Connection broken: IncompleteRead(1740230 bytes read, 6152213 more expected)', IncompleteRead(1740230 bytes read, 6152213 more expected))"
Managing the challenges of climate change mitigation and ...,https://www.researchgate.net/publication/370107330_Managing_the_challenges_of_climate_change_mitigation_and_adaptation_strategies_in_Ghana,www_researchgate_net_Managing_the_challenges_of_climate_change_mitigati.txt,failed,[BLOCKED_403] https://www.researchgate.net/publication/370107330_Managing_the_challenges_of_climate_change_mitigation_and_adaptation_strategies_in_Ghana
Resilience in the face of ecological challenges: Strategies ...,https://onlinelibrary.wiley.com/doi/full/10.1002/sd.3113,onlinelibrary_wiley_com_Resilience_in_the_face_of_ecological_challenges_St.txt,failed,[BLOCKED_403] https://onlinelibrary.wiley.com/doi/full/10.1002/sd.3113
compendium of country and global business plans,https://gggi.org/wp-content/uploads/2020/11/A20206-C20206-WPB-2021-2022_Compendium.pdf,gggi_org_compendium_of_country_and_global_business_plans.txt,failed,"[FETCH ERROR] HTTPSConnectionPool(host='gggi.org', port=443): Max retries exceeded with url: /wp-content/uploads/2020/11/A20206-C20206-WPB-2021-2022_Compendium.pdf (Caused by NewConnectionError('<urllib3.connection.HTTPSConnection object at 0x000001D4DA05F340>: Failed to establish a new connection: [WinError 10060] A connection attempt failed because the connected party did not properly respond after a period of time, or established connection failed because connected host has failed to respond'"
Circular Built Environment,https://www.oneplanetnetwork.org/sites/default/files/from-crm/Africa_highlights_final_211102.pdf,www_oneplanetnetwork_org_Circular_Built_Environment.txt,failed,[BLOCKED_403] https://www.oneplanetnetwork.org/sites/default/files/from-crm/Africa_highlights_final_211102.pdf
Uganda | Climate & Clean Air Coalition,https://www.ccacoalition.org/partners/uganda,www_ccacoalition_org_Uganda_Climate_Clean_Air_Coalition.txt,failed,[BLOCKED_403] https://www.ccacoalition.org/partners/uganda
Nationally Determined Contributions: Material climate ...,https://wires.onlinelibrary.wiley.com/doi/10.1002/wcc.589,wires_onlinelibrary_wiley_com_Nationally_Determined_Contributions_Material_clima.txt,failed,[BLOCKED_403] https://wires.onlinelibrary.wiley.com/doi/10.1002/wcc.589
Promoting Article 6 readiness in NDCs and NDC im,https://www.zora.uzh.ch/server/api/core/bitstreams/f9554788-e084-4d36-9f10-ee4cdfaad053/content,www_zora_uzh_ch_Promoting_Article_6_readiness_in_NDCs_and_NDC_im.txt,failed,"[FETCH ERROR] HTTPSConnectionPool(host='www.zora.uzh.ch', port=443): Read timed out. (read timeout=25)"
GAP ANALYSIS REPORT:,https://www.afdb.org/fileadmin/uploads/afdb/Documents/Events/Cop24/african_ndcs_gap_analysis_report.pdf,www_afdb_org_GAP_ANALYSIS_REPORT_.txt,failed,[BLOCKED_403] https://www.afdb.org/fileadmin/uploads/afdb/Documents/Events/Cop24/african_ndcs_gap_analysis_report.pdf
(PDF) Legal Frameworks and Policies for Wetland Protection,https://www.researchgate.net/publication/393271076_Legal_Frameworks_and_Policies_for_Wetland_Protection_International_Conventions_and_Regulations,www_researchgate_net__PDF_Legal_Frameworks_and_Policies_for_Wetland_Pro.txt,failed,[BLOCKED_403] https://www.researchgate.net/publication/393271076_Legal_Frameworks_and_Policies_for_Wetland_Protection_International_Conventions_and_Regulations
Plan of Action for Implementing the KDMECC in the EHoA,https://ehsa.iom.int/resources/kdmecc-ehoa-plan-action-en,ehsa_iom_int_Plan_of_Action_for_Implementing_the_KDMECC_in_the_.txt,failed,[BLOCKED_403] https://ehsa.iom.int/resources/kdmecc-ehoa-plan-action-en
assessment study on trade union participation in shaping ...,https://eatuc.org/wp-content/uploads/2025/04/RWANDA-Assessment-study-on-climate-change.pdf,eatuc_org_assessment_study_on_trade_union_participation_in_s.txt,failed,"[FETCH ERROR] HTTPSConnectionPool(host='eatuc.org', port=443): Max retries exceeded with url: /wp-content/uploads/2025/04/RWANDA-Assessment-study-on-climate-change.pdf (Caused by SSLError(SSLCertVerificationError(1, '[SSL: CERTIFICATE_VERIFY_FAILED] certificate verify failed: certificate has expired (_ssl.c:1135)')))"
"Environmental Law and Policy in Namibia, 2011",https://www.npc.gov.na/wp-content/uploads/2022/06/Environmental-Law-and-Policy-in-Namibia-2011-1.pdf,www_npc_gov_na_Environmental_Law_and_Policy_in_Namibia_2011.txt,failed,"[FETCH ERROR] HTTPSConnectionPool(host='www.npc.gov.na', port=443): Max retries exceeded with url: /wp-content/uploads/2022/06/Environmental-Law-and-Policy-in-Namibia-2011-1.pdf (Caused by SSLError(SSLCertVerificationError(1, '[SSL: CERTIFICATE_VERIFY_FAILED] certificate verify failed: unable to get local issuer certificate (_ssl.c:1135)')))"
Realizing Aviation's Sustainable Future,https://www.icao.int/sites/default/files/environmental-protection/Documents/EnvironmentalReports/2025/ICAO-EnvReport-2025.pdf,www_icao_int_Realizing_Aviation_s_Sustainable_Future.txt,failed,[BLOCKED_403] https://www.icao.int/sites/default/files/environmental-protection/Documents/EnvironmentalReports/2025/ICAO-EnvReport-2025.pdf
Climate litigation to protect the Brazilian Amazon ...,https://onlinelibrary.wiley.com/doi/full/10.1111/reel.12409,onlinelibrary_wiley_com_Climate_litigation_to_protect_the_Brazilian_Amazon.txt,failed,[BLOCKED_403] https://onlinelibrary.wiley.com/doi/full/10.1111/reel.12409
A Guidebook for National Development Banks on Climate Risk,https://publications.iadb.org/publications/english/document/A-Guidebook-for-National-Development-Banks-on-Climate-Risk.pdf,publications_iadb_org_A_Guidebook_for_National_Development_Banks_on_Clim.txt,failed,[BLOCKED_403] https://publications.iadb.org/publications/english/document/A-Guidebook-for-National-Development-Banks-on-Climate-Risk.pdf
Environmental Courts and Tribunals – 2021,https://orca.cardiff.ac.uk/id/eprint/153475/1/UNEP%20ECT2021%20final.pdf,orca_cardiff_ac_uk_Environmental_Courts_and_Tribunals_2021.txt,failed,[BLOCKED_403] https://orca.cardiff.ac.uk/id/eprint/153475/1/UNEP%20ECT2021%20final.pdf
MINISTRY OF THE ENVIRONMENT - GOV.BR,https://www.gov.br/mma/pt-br/assuntos/mudanca-do-clima/clima/repositorio/final-report_en_web.pdf,www_gov_br_MINISTRY_OF_THE_ENVIRONMENT_GOV_BR.txt,failed,"[PDF ERROR] HTTPSConnectionPool(host='www.gov.br', port=443): Read timed out."
SETTING THE PARIS AGREEMENT IN MOTION:,https://newclimate.org/sites/default/files/2018/08/PACT-Setting-the-Paris-Agreement-in-Motion-Key-Requirements-for-the-Implementing-Guidelines.pdf,newclimate_org_SETTING_THE_PARIS_AGREEMENT_IN_MOTION_.txt,failed,[BLOCKED_403] https://newclimate.org/sites/default/files/2018/08/PACT-Setting-the-Paris-Agreement-in-Motion-Key-Requirements-for-the-Implementing-Guidelines.pdf
Rethinking the role of law in adapting to climate change,https://wires.onlinelibrary.wiley.com/doi/10.1002/wcc.726,wires_onlinelibrary_wiley_com_Rethinking_the_role_of_law_in_adapting_to_climate_.txt,failed,[BLOCKED_403] https://wires.onlinelibrary.wiley.com/doi/10.1002/wcc.726
SAINT LUCIA' S NDC FINANCING STRATEGY,https://gggi.org/wp-content/uploads/2021/09/Saint-Lucia-NDC-Financing-Strategy-2.pdf,gggi_org_SAINT_LUCIA_S_NDC_FINANCING_STRATEGY.txt,failed,"[FETCH ERROR] HTTPSConnectionPool(host='gggi.org', port=443): Max retries exceeded with url: /wp-content/uploads/2021/09/Saint-Lucia-NDC-Financing-Strategy-2.pdf (Caused by NewConnectionError('<urllib3.connection.HTTPSConnection object at 0x000001D4ACCFF8B0>: Failed to establish a new connection: [WinError 10060] A connection attempt failed because the connected party did not properly respond after a period of time, or established connection failed because connected host has failed to respond'))"
NDC Invest: - IADB Publications,https://publications.iadb.org/publications/english/document/NDC-Invest-Supporting-Transformational-Climate-Policy-and-Finance.pdf,publications_iadb_org_NDC_Invest_IADB_Publications.txt,failed,[BLOCKED_403] https://publications.iadb.org/publications/english/document/NDC-Invest-Supporting-Transformational-Climate-Policy-and-Finance.pdf
Deforestation in the Amazon,https://researchbriefings.files.parliament.uk/documents/CDP-2021-0219/CDP-2021-0219.pdf,researchbriefings_files_parliament_uk_Deforestation_in_the_Amazon.txt,failed,[BLOCKED_403] https://researchbriefings.files.parliament.uk/documents/CDP-2021-0219/CDP-2021-0219.pdf
Global Framework for Action,https://www.oneplanetnetwork.org/sites/default/files/2025-07/250515-Global%20Framework%20for%20Action_V9.pdf,www_oneplanetnetwork_org_Global_Framework_for_Action.txt,failed,[BLOCKED_403] https://www.oneplanetnetwork.org/sites/default/files/2025-07/250515-Global%20Framework%20for%20Action_V9.pdf
Brazil Agriculture and LULUCF Inventory Needs Assessment ...,https://cgspace.cgiar.org/bitstreams/50eb21ea-1170-4c9b-95bc-a3de885dea84/download,cgspace_cgiar_org_Brazil_Agriculture_and_LULUCF_Inventory_Needs_Asse.txt,failed,[BLOCKED_429] https://cgspace.cgiar.org/bitstreams/50eb21ea-1170-4c9b-95bc-a3de885dea84/download
Climate & Sustainability Interventions,https://www.acnur.org/br/sites/br/files/2025-12/202510-climate-sustainability-interventions-brazil.pdf,www_acnur_org_Climate_Sustainability_Interventions.txt,failed,[BLOCKED_403] https://www.acnur.org/br/sites/br/files/2025-12/202510-climate-sustainability-interventions-brazil.pdf
