filename,reduced
academic_oup_com_Solid_waste_management_in_the_context_of_the_waste.txt,Yes
antigo_mctic_gov_br_Fourth_National_Communication_of_Brazil_to_the_UNF.txt,No
api_mziq_com_February_2024_Mziq.txt,No
applications_emro_who_int_Country_Cooperation_Strategy_Dashboards.txt,Yes
apps1_unep_org_Combating_marine_plastic_litter_and_microplast.txt,Yes
apps1_unep_org_Extended_Producer_Responsibility.txt,No
apps1_unep_org_United_Nations_Environment_Assembly_of_the_.txt,Yes
archive_ipcc_ch_Methodological_and_Technological_Issues_in_.txt,No
asean_org__Regional_Study_on_Green_Jobs_Policy_Readiness_in_.txt,No
assets_bbhub_io_Unlocking_Private_Climate_Finance_in_Emerging_Mark.txt,Yes
assets_publishing_service_gov_uk_Voluntary_National_Review_of_Progress_towards_the_.txt,Yes
au_int_AFRICAN_UNION_CLIMATE_CHANGE_AND_RESILIENT_.txt,Yes
bradscholars_brad_ac_uk_Impact_of_go_global_strategy_on_green_growth_in_br.txt,No
bti-project_org_BTI_2026_Rwanda_Country_Report.txt,No
ca1-cpm_edcdn_com_OXFORD_CLIMATE_POLICY_MONITOR_2024_ANNUAL_REVIEW.txt,Yes
cepr_org_Scaling_Up_Sustainable_Finance_and_Investment_in_t.txt,Yes
cgspace_cgiar_org_Situational_analysis_study_for_the_agriculture_sec.txt,No
circulareconomy_europa_eu_Demystifying_Finance_for_Circular_Economies.txt,No
circulareconomy_europa_eu_Pushing_the_boundaries_of_EPR_policy_for_textiles.txt,No
climateactiontracker_org_Brazil.txt,No
climateactiontracker_org_CAT_Clmate_Governance_Series_Rwanda.txt,No
climateactiontracker_org_Climate_Governance_Series_Ghana_August_2021.txt,No
climateactiontracker_org_Kenya.txt,No
climateactiontransparency_org_Assessment_of_the_policy_framework_impact_on_the_r.txt,Yes
climateaction_unfccc_int_Buildings_Breakthrough_Plan_to_Accelerate_Solution.txt,No
climatechange_moe_gov_lb_You_and_Climate_Change.txt,No
climatefocus_com_An_overview_of_EU_and_Brazilian_legislation.txt,Yes
climatepolicyinitiative_org_ENSURING_GREENER_ECONOMIC_GROWTH_FOR_BRAZIL.txt,Yes
climatepromise_undp_org_Circular_economy_opportunities_Vanuatu.txt,Yes
climatepromise_undp_org_Low_Emission_Capacity_Building_LECB_Programme.txt,Yes
clmeplus_org_Reduce_marine_plastics_and_plastic_pollution_in_La.txt,No
content_ellenmacarthurfoundation_org_Financing_the_circular_economy.txt,Yes
content_ellenmacarthurfoundation_org_The_Global_Commitment_2024_Progress_Report_PDF_.txt,Yes
ctc-cork_ie_Resource_Efficiency_in_Priority_Irish_Business_Sec.txt,No
data_unhcr_org_Kenya_is_in_Transition_to_a_Circular_Economy_May_2.txt,No
dco_org_DCO_E_Waste_Management_Framework.txt,No
dicf_unepgrid_ch_Green_economy_Kenya.txt,No
digitalcommons_wcl_american_edu_The_Role_of_the_United_Nations_Environment_Program.txt,No
digitallibrary_un_org_Shaping_the_Trends_of_Our_Time.txt,No
docs_un_org_E_2020_56_Economic_and_Social_Council_the_United_N.txt,No
docs_un_org_General_Assembly_Economic_and_Social_Council.txt,No
documents1_worldbank_org_An_Overview_of_Green_Reforms_in_Country_Procuremen.txt,Yes
documents1_worldbank_org_Enhancing_Government_Effectiveness_and_Transparenc.txt,Yes
documents1_worldbank_org_lebanon_Documents_Reports_World_Bank.txt,Yes
documents1_worldbank_org_Leveraging_Eco_Industrial_Parks_for_a_Sustainable_.txt,Yes
documents1_worldbank_org_The_World_Bank.txt,No
downloads_unido_org_2_Rwanda_KIP_Stage_I_first_tranche_project_documen.txt,Yes
downloads_unido_org_Name_of_the_Project_PRIVATE_SECTOR_TRANSITION_TO_A.txt,Yes
eba_se_Circular_Economy.txt,No
edepot_wur_nl_External_implications_of_the_circular_economy_tran.txt,No
eeb_org_GUIDELINES_ON_CIRCULAR_ECONOMY_FOR_THE_.txt,Yes
eeb_org_Study_on_items_shipped_for_reuse_and_Extended_Prod.txt,Yes
emsdialogues_org_Green_Bonds_Ecosystem_Issuance_Process_and_Case_St.txt,No
enb_iisd_org_Summary_report_19_February_1_March_2024.txt,No
enb_iisd_org_Summary_report_2_5_December_2025.txt,No
environmentalmigration_iom_int_First_Global_Report.txt,Yes
environment_ec_europa_eu_EU_Ecolabel_Product_Groups_and_Criteria_EU_Environ.txt,No
environment_prod_risa_rw_MINISTRY_OF_ENVIRONMENT.txt,Yes
en_brigc_net_Green_Development_Guidance_for_BRI_Projects_Baseli.txt,No
eulacfoundation_org_Case_studies_on_Circular_Economy_models_and_integr.txt,No
ewastemonitor_info_The_Global_E_waste_Monitor_2020.txt,No
ewastemonitor_info_THE_GLOBAL_E_WASTE_MONITOR_2024.txt,No
expra_eu_Extended_Producer_Responsibility_EPR_for_Packaging.txt,No
faolex_fao_org_2020_VOLUME_III_WATER_RESOURCES_MANAGEMENT.txt,Yes
faolex_fao_org_National_Environment_Policy_2013.txt,Yes
faolex_fao_org_NATIONAL_POLICY_WHITE_PAPER_ON_.txt,Yes
faolex_fao_org_National_Water_Resource_Strategy_III.txt,Yes
faolex_fao_org_the_national_water_resources_strategy_2020_2025_.txt,Yes
fsrp_go_ke_FSRP_Environmental_and_socila_management_framework.txt,Yes
g20mpl_org_UNIDO.txt,No
g20sfwg_org_2024_G20_Sustainable_Finance_Report.txt,No
g20sfwg_org_2025_G20_Presidency_and_SFWG_Co_chairs_.txt,No
gca_org_An_Inventory_of_Nature_based_Solutions_NbS_in_Keny.txt,Yes
gca_org_GCA_State_and_Trends_in_Adaptation_Report_2021_Afr.txt,Yes
gefcrew_org_Implementing_the_Cartagena_Convention_Supporting_t.txt,Yes
gefcrew_org_Regional_Nutrient_Pollution_Reduction_Strategy_and.txt,Yes
gefmed_paprac_org_Lebanon_s_National_ICZM_Strategy_Legislation_and_P.txt,No
gggi_org_ATTACHMENT_COMPENDIUM_OF_BUSINESS_PLANS.txt,No
gggi_org_compendium_of_country_and_global_business_plans.txt,No
gggi_org_Download.txt,No
gggi_org_G20_BACKGROUND_PAPER.txt,No
gggi_org_WASTE_SECTOR.txt,No
gggi_org_WPB_2025_2026_Compendium_of_Business_Plans.txt,No
ghanacic_ashesi_edu_gh_Waste_Management_Policy_Paper.txt,No
ghgprotocol_org_Global_Protocol_for_Community_Scale_Greenhouse_Gas.txt,Yes
gisdalliance_org_BLENDED_FINANCE_BEST_PRACTICE.txt,No
globalabc_org_2020global_status_report_for_buildings_and_constru.txt,No
globalabc_org_2021_GLOBAL_STATUS_REPORT_FOR_BUILDINGS_AND_.txt,No
globalabc_org_A_Practical_Guide_to_Climate_resilient_Buildings_.txt,No
globalabc_org_Global_Status_Report_for_Buildings_and_Constructio.txt,No
globalabc_org_RESOURCE_EFFICIENCY_AND_CLIMATE_CHANGE.txt,No
globalecolabelling_net_Sustainable_Public_Procurement_How_to_Wake_the_.txt,No
globalseaweed_org_Medium_Term_Strategy_2022_2025_Global_Seaweed.txt,No
glrssmp_epa_gov_gh_REPUBLIC_OF_GHANA.txt,No
gna_org_gh_Stakeholders_urge_swift_finalisation_of_Ghana_s_EP.txt,No
greenfinancelac_org_Environmental_Social_and_Governance.txt,No
greenfiscalpolicy_org_Greening_Public_Procurement_Leveraging_Fiscal_Poli.txt,No
greenfund_rw_Investment_Plan_Draft.txt,No
hollandcircularhotspot_nl_Circular_Economy_Implementation_Programme_2019_202.txt,No
htu_edu_gh_CIRCULAR_ECONOMY_CENTRE_LAUNCHES_2025_2026_.txt,No
ict_go_ke_KENYA_ARTIFICIAL_INTELLIGENCE_STRATEGY_2025_2030.txt,No
iea_blob_core_windows_net_Kenya_2024_Energy_Policy_Review.txt,Yes
iea_blob_core_windows_net_Net_Zero_by_2050_A_Roadmap_for_the_Global_Energy_S.txt,Yes
includeplatform_net_GREEN_JOBS_FOR_YOUNG_PEOPLE_IN_AFRICA.txt,Yes
institutdesfinances_gov_lb_Paving_the_way_for_Sustainable_Public_Procurement_.txt,No
institutotalanoa_org_THE_CLIMATE_FINANCE_ECOSYSTEM_IN_BRAZIL.txt,No
intracen_org_Empowering_the_Green_Recovery.txt,Yes
irpj_euclid_int_The_Transition_To_A_Circular_Economy_In_Nigeria_Id.txt,No
itpn_global_A_Critical_Tool_for_Mobilising_Finance.txt,No
jdih_unair_ac_id_ENHANCING_THE_LEGAL_FRAMEWORK_FOR_SUSTAINABLE_.txt,No
journals_sagepub_com_Plastic_Waste_Mitigation_Strategies_A_Review_of_Le.txt,No
journals_sagepub_com_The_nine_development_bands_A_conceptual_framework_.txt,No
just2ce_eu_Circular_Economy_for_Social_Transformation_Multipl.txt,Yes
kenya_un_org_Sustainable_Development_Cooperation_Framework_Keny.txt,Yes
ke_chm-cbd_net_National_Sustainable_Waste_Management_Policy.txt,Yes
lcdi-indonesia_id_the_economic_social_and_environmental_benefits_of_.txt,Yes
lcec_org_lb_THE_NATIONAL_RENEWABLE_ENERGY_ACTION_PLAN_.txt,No
link_springer_com_Developing_a_harmonic_sustainable_public_procureme.txt,No
link_springer_com_From_the_editors_Global_sustainability_reporting_s.txt,No
livestockdata_org_Digital_Services_for_Livestock_Methane_in_LMICs.txt,No
medblueconomyplatform_org_FROM_POLLUTION_TO_SOLUTION.txt,Yes
moc_gov_gh_EXTENDED_PRODUCER_RESPONSIBILITY_STRATEGY_.txt,No
moef_gov_in_annual_report_2024_25.txt,No
mofep_gov_gh_The_Budget_Statement_and_Economic_Policy.txt,Yes
mptf_undp_org_UNEP_Bilateral_Report_Partnership_for_Action_on_Gr.txt,No
napglobalnetwork_org_Engaging_the_Private_Sector_in_National_Adaptation.txt,Yes
ndpc_gov_gh_2022_VNR.txt,Yes
ndpc_gov_gh_Agenda_For_Jobs_II_2022_2025_.txt,Yes
ndpc_gov_gh_GHANA_.txt,Yes
ndpc_gov_gh_GOVERNMENT_OF_GHANA.txt,Yes
nema_go_ke_National_Sustainable_Waste_Management_Policy.txt,Yes
newclimateeconomy_net_UNLOCKING_THE_INCLUSIVE_GROWTH_STORY_OF_THE_.txt,Yes
nicholasinstitute_duke_edu_20_Years_of_Government_Responses_to_the_Global_Pla.txt,No
nicholasinstitute_duke_edu_Plastic_Pollution_Policy_Country_Profile_Kenya.txt,No
niti_gov_in_Strategy_for_New_India_75.txt,No
oceanpanel_org_THE_BLUE_CARBON_HANDBOOK.txt,Yes
one_oecd_org_com_tad_env_jwpte_2020_10_final.txt,No
one_oecd_org_env_epoc_wpep_2021_6_final.txt,No
onlinelibrary_wiley_com_Financing_methods_for_solid_waste_management_A_rev.txt,No
onlinelibrary_wiley_com_Sustainable_Development_Policy_Interventions_.txt,No
openknowledge_fao_org_National_report_on_Compliance_Lebanon.txt,No
openknowledge_fao_org_Sustainable_food_systems_Concept_and_framework.txt,No
openknowledge_fao_org_TRANSFORMING_FOOD_AND_AGRICULTURE_TO_ACHIEVE_.txt,No
openknowledge_worldbank_org_Plastic_Waste_Management_in_Rwanda_An_Ex_post_Poli.txt,No
openknowledge_worldbank_org_water_in_circular_economyand_resilience_wicer_.txt,No
op_europa_eu_The_EU_in_2021_General_Report_on_the_Activities_of.txt,No
orbit_dtu_dk_UN_Environment_Global_Chemicals_Outlook_II.txt,No
perpustakaan_bappenas_go_id_Unveiling_the_Future_of_Sustainable_Business_throu.txt,No
planbleu_org_State_of_Mediterranean_Forests_2018.txt,No
planbleu_org_State_of_the_Environment_and_Development_in_.txt,No
planbleu_org_Unraveling_the_Impact_of_Environmentally_Harmful_.txt,No
plasticsdb_surrey_ac_uk_Kenya_National_Sustainable_Waste_Management_Policy.txt,Yes
pmc_ncbi_nlm_nih_gov_A_critical_analysis_of_the_impacts_of_COVID_19_on_.txt,No
pmc_ncbi_nlm_nih_gov_High_quality_health_systems_in_the_Sustainable_Dev.txt,No
pmc_ncbi_nlm_nih_gov_Marine_plastics_and_the_circular_economy_A_review_.txt,Yes
pmc_ncbi_nlm_nih_gov_Mixed_method_analysis_of_published_national_one_he.txt,No
pmc_ncbi_nlm_nih_gov_Opportunities_and_constraints_for_cleaner_producti.txt,Yes
pppkenya_go_ke_LEAST_COST_POWER_DEVELOPMENT_PLAN_2024_2043.txt,Yes
ppp_worldbank_org_Leading_Practices_in_Governmental_Processes_Facili.txt,Yes
prevent-waste_net_EPR_Toolbox_Know_how_to_enable_Extended_Producer_.txt,Yes
public_unpri_org_A_roadmap_for_sustainable_finance_policy_developme.txt,No
public_unpri_org_ZERO_POLICY_MATTERS_PRI.txt,Yes
pure_iiasa_ac_at_Transformations_to_Achieve_the_Sustainable_Develop.txt,No
pure_mpg_de_Sustainable_Finance_in_Africa_A_Comparative_Overvi.txt,No
relondon_gov_uk_Circular_cities_in_action_Driving_progress_through.txt,Yes
repositorio_cepal_org_Green_jobs_in_Argentina_opportunities_to_move_forw.txt,No
rsisinternational_org_The_United_Nations_Environmental_Program_Efforts_i.txt,No
sagentia_com_New_EPR_Rules_in_Mauritius_Kenya_Ghana_Leatherhead.txt,No
scholarship_law_columbia_edu_Taking_the_Lead_on_Climate_Action_and_Sustainable_.txt,No
scholarworks_waldenu_edu_The_Impact_of_Good_Governance_and_Stability_on_Sus.txt,Yes
sciencebasedtargetsnetwork_org_SCIENCE_BASED_TARGETS_for_NATURE.txt,Yes
sciencebasedtargets_org_About_us.txt,No
sdgs_planning_go_ke_SDGs_STATUS_REPORT.txt,Yes
sdgs_un_org_17969VClist20180314_csv_SDGs_the_United_Nations.txt,No
sdgs_un_org_APRM_Baseline_Study_Sustainable_Development_Goals_.txt,Yes
sdgs_un_org_ENERGY_ACTION_Sustainable_Development_Goals_SDGs_.txt,Yes
sdgs_un_org_One_Planet_network_a_global_multi_stakeholder_part.txt,No
sdgs_un_org_UNEP_inputs_to_the_SG_report_pdf.txt,No
seors_unfccc_int_Side_events_exhibits_archive_seors_UNFCCC.txt,Yes
shridathramphalcentre_com_Transition_to_a_Circular_Economy_Examples_from_Afr.txt,Yes
smepprogramme_org_Moving_Ghana_Beyond_Plastics_A_Policy_Blueprint_fo.txt,No
sp_copernicus_org_Sea_Level_Rise_in_Europe_Governance_context_and_.txt,No
stakeholderforum_org_Module_1_A_recap_The_structure_of_UNEP_and_UNEA.txt,No
sustainabilitydigitalage_org_CODES_Action_Plan_for_a_Sustainable_Planet_in_the_.txt,No
sustainability_hapres_com_Africa_Blue_Economy_Strategies_Integrated_in_Plann.txt,No
thedocs_worldbank_org_30The_2030_Sustainable_Development_Agenda_and_the_.txt,Yes
thedocs_worldbank_org_National_Action_Plan_for_plastic_management_Dec_pd.txt,Yes
thedocs_worldbank_org_PLASTIC_CREDITS_AT_A_GLANCE_Product_Overview_Serie.txt,No
thedocs_worldbank_org_SUSTAINABLE_PROCUREMENT.txt,Yes
thedocs_worldbank_org_The_Role_of_Cooling_Standards_in_Climate_Adaptatio.txt,Yes
thedocs_worldbank_org_United_Nations_Environmental_Programme_UNEP_Genera.txt,Yes
tii_unido_org_Rebooting_Quality_Infrastructure_for_a_Sustainable.txt,No
tile_loc_gov_Extended_Producer_Responsibility_for_Textiles_in_S.txt,No
transparency-partnership_net_INSTITUTIONAL_CAPACITIES_FOR_NDC_IMPLEMENTATION.txt,Yes
trinomics_eu_Circular_Economy_in_Africa_EU_Cooperation.txt,No
ufmsecretariat_org_Education_for_Sustainable_Consumption_Behaviour_an.txt,No
ufmsecretariat_org_REPORT_Green_Circular_Economy_at_the_.txt,No
um_dk_Danish_Organisation_Strategy_for_United_Nations_.txt,No
um_dk_Strategic_Framework_Tropical_Forests_Initiative_fo.txt,Yes
unctad_org_CHAPTER_4_The_role_of_central_banks_in_supporting_.txt,Yes
unctad_org_Review_of_the_technical_cooperation_activities_of_.txt,Yes
unctad_org_Scaling_up_Voluntary_Sustainability_Standards_thro.txt,Yes
unctad_org_Tackling_the_Sustainability_Reporting_Challenge.txt,Yes
unctad_org_Technology_and_innovation_for_cleaner_and_more_.txt,Yes
unctad_org_Trade_and_development_report_2021.txt,Yes
unctad_org_World_Investment_Report_2024.txt,Yes
unece_org_Accelerating_the_Circular_Economy_Transition.txt,No
unece_org_CEP_30_BIG_E_survey_reports_compilation_Nov_26_pdf.txt,No
unece_org_Economic_Commission_for_Europe.txt,No
unece_org_Measuring_and_monitoring_the_circular_economy_and_.txt,No
unece_org_Measuring_circular_economy.txt,No
unece_org_Promoting_Nature_based_Solutions_and_Sustainable_.txt,No
unemg_org_International_Good_Practice_Principles_for_Sustain.txt,Yes
unepccc_org_Kenya_National_Energy_Efficiency_and_Conservation_.txt,Yes
unepccc_org_Private_sector_action_in_adaptation_Perspectives_o.txt,Yes
unesdoc_unesco_org_Brazil_UNESCO_country_strategy_2025_2027.txt,No
unesdoc_unesco_org_Education_for_Sustainable_Development_Goals_learni.txt,No
unesdoc_unesco_org_Shaping_the_future_we_want_UN_Decade_of_Education_.txt,No
unesdoc_unesco_org_The_United_Nations_World_Water_Development_Report_.txt,No
unfccc_int_Brazil_s_Nationally_Determined_Contribution_NDC_.txt,Yes
unfccc_int_Informal_Compilation_Regional_Workshops_.txt,Yes
unfccc_int_Kenya_s_Adaptation_Communication_to_the_United_Nat.txt,Yes
unfccc_int_Kenya_s_Initial_Biennial_Update_Report.txt,No
unfccc_int_LEBANON_S_Long_Term_Low_Emission_Development_.txt,Yes
unfccc_int_Toolkit_for_Engaging_the_Private_Sector_in_Nationa.txt,No
unhabitat_org_2022_CATALOGUE_OF_SERVICES.txt,Yes
unhabitat_org_Annual_Report_2021.txt,Yes
unhabitat_org_Financing_Urban_Infrastructure_to_Achieve_the_Sust.txt,No
unhabitat_org_NEWSLETTER.txt,No
unhabitat_org_Towards_Green_And_Just_Cities.txt,Yes
unhabitat_org_World_Cities_Report_2020_The_Value_of.txt,Yes
unitar_org_Case_Studies_to_Suppport_GHS_Implementation.txt,No
united4efficiency_org_Resources.txt,No
unosd_un_org__2025_Western_Africa_Workshop_on_Waste_Management_.txt,No
unsdg_un_org_2023_2025_Lebanon.txt,Yes
urbantransitions_global_Scaling_up_investment_for_sustainable_urban_infras.txt,Yes
valuelinks_org_ValueLinks_2_0.txt,Yes
vision2030_go_ke_Kenya_Vision_2030_Sector_Progress_.txt,No
washghana_org_Ghana_WASH_Sector_Development_Programme_.txt,No
web-assets_bcg_com_Securing_Our_Future_Net_Zero_Pathways_for_Malaysia.txt,Yes
wfp_tind_io_Rwanda_Country_Strategic_Review_of_Food_and_Nutrit.txt,No
worldcocoafoundation_org_NATIONAL_IMPLEMENTATION_PLAN.txt,Yes
wwfint_awsassets_panda_org_SCALING_UP_CIRCULAR_STRATEGIES_TO_ACHIEVE_.txt,Yes
www-pub_iaea_org_Policies_and_Strategies_for_the_Management_of_NORM.txt,No
www3_weforum_org_Circular_Economy_in_Cities_Evolving_the_model_for_.txt,Yes
www3_weforum_org_Harnessing_Technology_for_the_Global_Goals_A_frame.txt,No
www3_weforum_org_The_Role_of_Lighthouse_Projects.txt,Yes
www_acted_org_acted_lebanon_circular_economy_final_pdf.txt,Yes
www_acted_org_Circular_Economy_National_Study_in_Jordan.txt,Yes
www_adaptation-fund_org_PROPOSAL_FOR_LEBANON.txt,No
www_adaptation-undp_org_Lebanon_launches_climate_policy_package_to_advance.txt,No
www_adb_org_adbi_transitioning_linear_circular_economy_develop.txt,Yes
www_addistaxinitiative_net_NAVIGATING_GREEN_PUBLIC_FINANCIAL_MANAGEMENT.txt,No
www_afdb_org_GAP_ANALYSIS_REPORT_.txt,No
www_afdb_org_PRIVATE_SECTOR_FINANCING_FOR_CLIMATE_ACTION_.txt,No
www_afi-global_org_GREEN_TRANSITION_MEASURES_FOR_MSMEs.txt,Yes
www_afro_who_int_Country_Annual_Results_Report_July_2019_June_2020_.txt,No
www_aub_edu_lb_LEBANON_S_PRIORITIES_AND_ACTIONS_FOR_A_GREEN_.txt,No
www_awf_org_Kenya_Country_Strategy.txt,No
www_b3_com_br_Sustainability_and_ESG_Management_at_Companies.txt,Yes
www_bsp_gov_ph_Philippine_Sustainable_Finance_Roadmap.txt,Yes
www_bundesregierung_de_German_Sustainable_Development_Strategy.txt,No
www_canada_ca_Departmental_Sustainable_Development_Strategy_2023.txt,No
www_cbd_int_Post_COP10_NBSAPs_Aichi_Biodiversity_Target_17_.txt,Yes
www_cebri_org_BRAZIL_AND_CHINA.txt,No
www_chathamhouse_org_An_Inclusive_Circular_Economy.txt,Yes
www_chathamhouse_org_How_the_circular_economy_can_revive_the_Sustainabl.txt,Yes
www_cif_org_Rwanda_NPC_Investment_Plan.txt,Yes
www_climate-transparency_org_BRAZIL.txt,No
www_climatebonds_net_Brazil_Sustainable_Debt_State_of_the_Market_Report.txt,Yes
www_climatebonds_net_Sustainable_Debt_Market_Summary_Q3_2023.txt,No
www_climatepolicyinitiative_org_Framework_for_Sustainable_Finance_Integrity.txt,Yes
www_climatepolicyinitiative_org_Green_Finance_Taxonomy_Second_Draft_indd.txt,Yes
www_climateworks_org_THE_ROLE_OF_GREEN_PUBLIC_PROCUREMENT.txt,Yes
www_co-plan_org_Circular_Economy_202_.txt,Yes
www_crdp_org_National_Greening_Education_Strategy_in_Lebanon.txt,No
www_csis_org_Kenya_s_Green_Leadership_Shaping_Africa_s_Climate_.txt,No
www_ctc-n_org_CLIMATE_CHANGE_STRATEGIES.txt,No
www_cuts-geneva_org_Rwanda_Country_Update_CUTS_International_Geneva.txt,No
www_dcceew_gov_au_Australia_s_Circular_Economy_Framework.txt,Yes
www_ebrd_com_GREEN_ECONOMY_TRANSITION_APPROACH_2021_2025.txt,No
www_ebrd_com_Green_Economy_Transition_Strategy_2026_30.txt,No
www_ebrd_com_Infrastructure_Sector_Strategy.txt,No
www_ebrd_com_Unlocking_Private_Finance_for_Nature_as_Infrastruc.txt,No
www_eci_ox_ac_uk_Enabling_Adaptation_Environmental_Change_Institute.txt,No
www_economy_gov_lb_Going_Green_for_SMEs_Ministry_Of_Economy_Trade_.txt,No
www_ecreee_org_Ghana_s_Renewable_Energy_Projects_and_.txt,No
www_education_gov_in_National_Education_Policy_2020.txt,Yes
www_efdinitiative_org_Global_Chemicals_OutlooK_II.txt,No
www_efdinitiative_org_Green_Economy_Learning_a_Resource_Guide.txt,No
www_elibrary_imf_org_How_to_Make_the_Management_of_Public_Finances_Clim.txt,No
www_elibrary_imf_org_Laying_the_Ground_for_Scaling_up_Climate_Finance_i.txt,No
www_elibrary_imf_org_Macroeconomic_and_Financial_Policies_for_Climate_C.txt,No
www_emerald_com_A_strategic_framework_for_managing_the_circular_ec.txt,No
www_energy_go_ke_Kenya_National_Cooking_Transition_Strategy_2024_20.txt,Yes
www_energy_go_ke_STRATEGIC_PLAN_2018_2022.txt,Yes
www_environment_gov_rw_REPUBLIC_OF_RWANDA.txt,No
www_environment_gov_rw_Rwanda_hosts_first_National_Circular_Economy_Forum.txt,No
www_environment_gov_rw_RWANDA_LAUNCHES_REVISED_GREEN_GROWTH_AND_.txt,No
www_epa_gov_Addressing_Plastic_Waste.txt,No
www_expo2020dubai_com_expo_2020_dubai_sustainability_report_2020.txt,Yes
www_ey_com_EY_Global_Institutional_Investor_Survey_2024.txt,No
www_ey_com_Six_ways_that_governments_can_drive_the_green_tran.txt,No
www_facebook_com_As_the_permanent_host_country_of_UN_Environment_.txt,No
www_facebook_com_biodiversity_has_entered_the_heart_of_business_str.txt,No
www_facebook_com_Chad_has_launched_its_first_Circular_Economy_Roadm.txt,No
www_facebook_com_Climate_finance_goes_beyond_mobilising_funds_to_in.txt,No
www_facebook_com_Initiatives_Towards_Environmental_Sustainability_a.txt,No
www_facebook_com_Lebanon_s_first_Peer_Learning_Group_on_Just_Transi.txt,No
www_facebook_com_Lebanon_s_Motion_Adopted_at_the_IUCN_World_.txt,No
www_facebook_com_Ministry_of_Environment_Climate_Change_Forestry.txt,No
www_facebook_com_New_ESCWA_policy_brief_50_billion_more_required_fo.txt,No
www_facebook_com_On_NatureDay_at_COP26_Rwanda_commits_to_achieving_.txt,No
www_facebook_com_Plastic_waste_makes_up_the_largest_share_of_pollut.txt,No
www_facebook_com_Post_fire_soil_erosion_plan_by_George_Mitri_and_Yv.txt,No
www_facebook_com_Priority_4_NEP_U_Our_Country_Our_Responsibility_.txt,No
www_facebook_com_The_Calabash_Newspaper.txt,No
www_facebook_com_The_letter_for_December_21st_2022_is_U_for_UNEP_FI.txt,No
www_facebook_com_The_Ministry_of_Environment_launched_Lebanon_s_Cli.txt,No
www_facebook_com_To_improve_solid_waste_management_there_are_specif.txt,No
www_facebook_com_UNDP_Ghana_s_post.txt,No
www_facebook_com_United_Nations_Institute_for_Training_and_Research.txt,No
www_facebook_com_Workshop_to_develop_tools_for_compliance_monitorin.txt,No
www_financeforbiodiversity_org_Aligning_Financial_Flows_with_the_Global_.txt,No
www_financeministersforclimate_org_Brazil_s_Ecological_Transformation_Plan_A_Green_Tr.txt,No
www_financeministersforclimate_org_Strengthening_the_Role_of_Ministries_of_Finance_in.txt,Yes
www_finance_go_ug_Uganda_s_Green_Recovery_Action_Plan.txt,No
www_freshfields_com_A_LEGAL_FRAMEWORK_FOR_IMPACT.txt,Yes
www_frontiersin_org_Financing_the_green_transition_The_role_of_macro_e.txt,Yes
www_frontiersin_org_From_waste_to_resource_demystifying_the_policy_cha.txt,Yes
www_frontiersin_org_Public_Forests_Under_Threat_in_the_Brazilian_Amazo.txt,No
www_frontiersin_org_Transitioning_circular_economy_from_policy_to_prac.txt,Yes
www_fsb_org_2019_Status_Report_Task_Force_on_Climate_related_.txt,No
www_fsb_org_2024_Progress_Report_on_Climate_Related_Disclosure.txt,Yes
www_gdr-po_cnrs_fr_FROM_POLLUTION_TO_SOLUTION.txt,No
www_giz_de_RECP_Navigator.txt,Yes
www_giz_de_Study_on_Baseline_of_Plastic_waste_management_for_.txt,No
www_giz_de_SY050_Jobs_skills_for_the_New_Economy_v10.txt,Yes
www_giz_de_THE_GREEN_FINANCE_MARKET_EMERGING_IN_BRAZIL.txt,Yes
www_global-taskforce_org_TOWARDS_THE_LOCALIZATION_OF_THE_SDGs.txt,No
www_government_se_Report_on_the_implementation_of_the_2030_Agenda_fo.txt,Yes
www_gov_br_MINISTRY_OF_THE_ENVIRONMENT_GOV_BR.txt,Yes
www_gov_br_Sustainable_Taxonomy_of_Brazil_Portal_Gov_br.txt,Yes
www_gov_br_united_nations_sustainable_development_cooperation.txt,Yes
www_gov_uk_Mobilising_green_investment_2023_green_finance_str.txt,Yes
www_gov_uk_UK_Innovation_Strategy_leading_the_future_by_creat.txt,Yes
www_grc_net_Circular_Economy_in_the_GCC_Status_Challenges_and_.txt,Yes
www_greenclimate_fund_United_Nations_Environment_Programme_UNEP_.txt,No
www_greenindustryplatform_org_One_Planet_Network.txt,No
www_greenindustryplatform_org_Standards_and_Regulations.txt,No
www_greenpolicyplatform_org_Guidelines_to_Accelerate_the_Transition_Towards_a_.txt,Yes
www_greenpolicyplatform_org_Mineral_Resource_Governance_in_the_21st_Century.txt,Yes
www_greenpolicyplatform_org_OECD_Green_Growth_Database.txt,No
www_hks_harvard_edu_NDC_Score_Card_Measuring_the_Nationally_Determined.txt,Yes
www_housingandurban_go_ke_Appendix_D.txt,No
www_iau-hesd_net_2019_sustainable_development_.txt,No
www_icmagroup_org_Bonds_to_Finance_the_Sustainable_Blue_Economy.txt,No
www_iddri_org_Sustainable_Blue_Tourism.txt,Yes
www_iea_org_Global_EV_Policy_Explorer_Data_Tools.txt,No
www_iea_org_Net_Zero_by_2050_Analysis.txt,No
www_ifc_org_Emerging_Market_Green_Bonds_Report_2019.txt,Yes
www_iisd_org_Global_Trends_in_Artisanal_and_Small_Scale_Mining_.txt,No
www_ilo_org_Employment_in_the_Circular_Economy.txt,Yes
www_ilo_org_Ending_child_labour_forced_labour_and_human_traffi.txt,Yes
www_innovationagency_go_ke_ken_pub_KENIA_STRATEGIC_PLAN_2023_2027_FINAL_pdf.txt,No
www_instagram_com_UN_Environment_Programme_on_Instagram_UNEA7_has_.txt,No
www_instagram_com_UN_Rwanda_on_Instagram_Now_s_the_time_for_ambitiou.txt,No
www_institut_veolia_org_REINVENTING_PLASTICS_Institut_Veolia.txt,Yes
www_ioe-emp_org_The_Business_Pathway_to_Circular_Economy_Global_.txt,Yes
www_ipcc_ch_Chapter_4_Global_Warming_of_1_5_C.txt,Yes
www_ipcc_ch_Risk_management_and_decision_making_in_relation_to.txt,Yes
www_irena_org_Sub_Saharan_Africa_Policies_and_finance_for_renewa.txt,Yes
www_irena_org_World_Energy_Transitions_Outlook_1_5_C_Pathway.txt,Yes
www_iswa_org_EPR_in_the_Plastic_Treaty_A_Practical_Roadmap_for_.txt,No
www_itu_int_The_Global_E_waste_Monitor_2020.txt,No
www_jbs_cam_ac_uk_Policy_and_Regulatory_Framework_for_Renewable_Ener.txt,No
www_learningfornature_org_Building_Circularity_into_Nationally_Determined_Co.txt,Yes
www_lifecycleinitiative_org_Strategy_Document_2022_2027.txt,No
www_linkedin_com_Chile_launches_first_biodiversity_KPI_in_SLB_frame.txt,No
www_linkedin_com_COP30_Brazil_Governments_Commit_to_1_3_Trillion_in.txt,No
www_linkedin_com_Taskforce_on_Net_Zero_Policy_releases_COP30_report.txt,No
www_local2030_org_Working_Together_Integration_Institutions_and_the_.txt,Yes
www_lse_ac_uk_Delivering_an_integrated_climate_finance_agenda_in.txt,No
www_lse_ac_uk_Global_trends_in_climate_change_litigation_2025_sn.txt,No
www_mdpi_com_Decoupling_Economic_Development_from_the_Consumpti.txt,Yes
www_mdpi_com_Renewable_Energy_in_Policy_Frameworks_A_Comparativ.txt,Yes
www_mfa_go_ke_Kenya_at_the_Frontlines_of_Global_Change.txt,Yes
www_minagri_gov_rw_UN_Food_Systems_Summit_2021_Rwanda_s_.txt,No
www_mininfra_gov_rw_Implementation_of_the_Functional_review_and_action.txt,Yes
www_mofep_gov_gh_Environmental_Social_Management_Framework_ESMF_.txt,Yes
www_mofep_gov_gh_Green_Taxonomy_Framework_for_Ghana_V3_pdf.txt,No
www_mof_gov_jm_Climate_Change_Policy_Framework_for_Jamaica.txt,No
www_nairobiconvention_org_AN_ASSESSMENT_OF_THE_STATUS_OF_BLUE_ECONOMY_.txt,No
www_nations-united_org_UNEP_ENVIRONMENT_PROGRAMME_UNITED_NATIONS.txt,No
www_ngfs_net_Case_Studies_of_Environmental_Risk_Analysis_Method.txt,Yes
www_ngfs_net_Enhancing_market_transparency_in_green.txt,Yes
www_ngfs_net_Synthesis_report_on_the_greening_of_the_financial_.txt,Yes
www_nmun_org_UNEA_BGG_Final.txt,No
www_oecd_org_Extended_Producer_Responsibility_Basic_Facts_and_K.txt,No
www_oecd_org_Global_Outlook_on_Financing_for_Sustainable_Develo.txt,Yes
www_oecd_org_Governing_for_the_green_transition_Government_at_a.txt,Yes
www_oecd_org_International_trade_and_circular_economy_Policy_al.txt,Yes
www_oecd_org_Investing_in_Climate_for_Growth_and_Development_Po.txt,Yes
www_oecd_org_Making_Better_Policies_for_Food_Systems.txt,Yes
www_oecd_org_Policy_Coherence_for_Sustainable_Development_2019.txt,Yes
www_oecd_org_Towards_a_National_Circular_Economy_Strategy_for_H.txt,Yes
www_ohchr_org_The_Right_to_a_Healthy_Environment.txt,Yes
www_onecaribbean_org_CARIBBEAN_SUSTAINABLE_TOURISM_POLICY_AND_.txt,No
www_oneplanetnetwork_org_2022_GLOBAL_REVIEW.txt,No
www_oneplanetnetwork_org_About.txt,No
www_oneplanetnetwork_org_Blueprint_for_a_Global_Digital_Product_Information.txt,No
www_oneplanetnetwork_org_Circular_Built_Environment.txt,No
www_oneplanetnetwork_org_Decentralized_Evaluation.txt,No
www_oneplanetnetwork_org_Global_Framework_for_Action.txt,No
www_oneplanetnetwork_org_Global_Strategy_for_Sustainable_Consumption_and_.txt,No
www_oneplanetnetwork_org_One_Planet_network_Home.txt,No
www_oneplanetnetwork_org_The_role_of_e_government_in_sustainable_public_.txt,No
www_pwc_com_Indonesia_Carbon_Market_White_Paper.txt,Yes
www_pwc_nl_The_road_to_circularity.txt,Yes
www_reg_rw_strategic_environmental_assessment_for_rwanda_univ.txt,Yes
www_researchgate_net__PDF_Evaluating_the_Success_of_Renewable_Energy_an.txt,No
www_researchgate_net__PDF_Policy_Framework_for_Material_Resource_Effici.txt,No
www_researchgate_net__PDF_UNEP_2021_Sustainable_Public_Procurement.txt,No
www_researchgate_net__PDF_United_Nations_Environment_Program_UNEP_.txt,No
www_rindhca_org_Summary_of_the_implementation_Decisions_of_the_Mee.txt,No
www_rppa_gov_rw_SUSTAINABLE_PUBLIC_PROCUREMENT_POLICY_.txt,Yes
www_sadc_int_STATUS_OF_INTEGRATION_IN_THE_SOUTHERN_AFRICAN_.txt,Yes
www_sciencedirect_com_Adaptation_interventions_and_their_effect_on_vulne.txt,No
www_sciencedirect_com_Addressing_climate_risks_through_fiscal_policy_in_.txt,No
www_sciencedirect_com_Alignment_mechanisms_to_effectively_govern_the_.txt,No
www_sciencedirect_com_An_assessment_of_Kenya_s_forest_policy_and_law_on_.txt,No
www_sciencedirect_com_Bridging_funding_gaps_for_climate_and_sustainable_.txt,No
www_sciencedirect_com_Designing_effective_environmental_policy_mixes_in_.txt,No
www_sciencedirect_com_Evaluating_institutional_climate_finance_barriers_.txt,No
www_sciencedirect_com_E_waste_management_in_Saudi_Arabia_Policy_challeng.txt,No
www_sciencedirect_com_Impact_of_go_global_strategy_on_green_growth_in_br.txt,No
www_sciencedirect_com_One_size_does_not_fit_all_sustainable_innovation_e.txt,No
www_sciencedirect_com_Policy_pathways_to_sustainable_E_waste_management.txt,No
www_sciencedirect_com_Scaling_up_zero_deforestation_initiatives_through_.txt,No
www_sciencedirect_com_Unlocking_the_transformative_potential_of_multi_st.txt,No
www_sciencedirect_com_Viewpoint_Rigorous_monitoring_is_necessary_to_guid.txt,No
www_scribd_com_Rwanda_Green_Public_Procurement_Guidelines_PDF.txt,No
www_seforall_org_Integrating_Clean_Cooking_into_National_Energy_Acc.txt,Yes
www_sei_org_SDG_12_Responsible_Consumption_and_Production.txt,No
www_sipri_org_Business_and_Security_Public_Private_Sector_Relati.txt,No
www_spar6c_org_A_collection_of_case_studies_from_6_host_countries.txt,Yes
www_spglobal_com_Second_Party_Opinions.txt,No
www_sustainableinclusivebusiness_org_Kenyan_Circular_Economy_trends_opportunities_.txt,No
www_switch-asia_eu_Implemented_by.txt,No
www_switchtogreen_eu_Integrated_Waste_Management_in_Africa.txt,Yes
www_tandfonline_com_Constructing_the_national_innovation_system_in_Rwa.txt,No
www_tandfonline_com_Evidence_integration_for_coherent_nexus_policy_des.txt,No
www_tandfonline_com_The_impact_of_the_Sustainable_Development_Goals_on.txt,No
www_tcafwb_org_Results_Based_Climate_Finance_to_Support_Mitigatio.txt,Yes
www_teriin_org_Reference_Report_for_Integrated_Resource_Efficienc.txt,No
www_teriin_org_reference_report_for_national_resource_efficiency_.txt,No
www_tourism_go_ke_KENYA_NATIONAL_TOURISM_STRATEGY_2025_2030_.txt,Yes
www_trade_go_ke_Republic_of_Kenya.txt,Yes
www_treasury_gov_za_Financing_A_Sustainable_Economy_Technical_Paper_20.txt,No
www_treasury_go_ke_STRATEGIC_PLAN_2018_19_2022_23_Sustained_Socio_.txt,Yes
www_ucl_ac_uk_A_Green_and_Just_Planet.txt,Yes
www_umweltbundesamt_de_Options_under_International_Law_to_Increase_Resour.txt,Yes
www_un-page_org_2023_PAGE_Annual_Report_UN_PAGE.txt,No
www_un-page_org_2024_PAGE_Annual_Report.txt,No
www_un-page_org_Exploring_Sustainable_Finance_with_PAGE.txt,No
www_uncclearn_org_Adapting_to_a_New_Climate_in_the_MENA_Region.txt,No
www_undesa_it_Fellowship_Award_Specification.txt,No
www_undp_org_Brazil_2024_2027.txt,No
www_undp_org_Climate_Change_Adaptation_in_the_Arab_States.txt,Yes
www_undp_org_COMBATTING_PLASTIC_POLLUTION_FOR_SUSTAINABLE_.txt,Yes
www_undp_org_Digital_Strategy_2022_2025.txt,No
www_undp_org_Lebanon_Launches_Climate_Policy_Package_to_Advance.txt,No
www_undp_org_Making_finance_work_for_people_and_planet.txt,Yes
www_undp_org_Making_Markets_Work_for_the_SDGs_.txt,Yes
www_undp_org_undp_ghana.txt,No
www_undp_org_undp_rbap_sft_guide_2025_1_pdf.txt,Yes
www_unepfi_org_2026_Highlights.txt,No
www_unepfi_org_Accountability_for_Nature_.txt,Yes
www_unepfi_org_Climate_risk_regulation_in_Africa_s_financial_sect.txt,Yes
www_unepfi_org_COP30_Report.txt,Yes
www_unepfi_org_Demystifying_Finance_for_Circular_Economies.txt,Yes
www_unepfi_org_Net_Zero_Banking_Resources.txt,No
www_unepfi_org_Policy_and_Regulation.txt,No
www_unepfi_org_Promoting_Sustainable_Finance_and_Climate_.txt,Yes
www_unepfi_org_Resource_Efficiency_and_Circular_Economy_Target_Se.txt,Yes
www_unepfi_org_Sustainability_Disclosure_Landscape_Report_for_Ris.txt,Yes
www_unep_org_2024_UNEP_Annual_Report.txt,No
www_unep_org_A_Policymakers_guide_to_Life_Cycle_Assessment_Poli.txt,No
www_unep_org_Circularity_accelerating_sustainable_consumption_a.txt,No
www_unep_org_Consumer_Information_and_Eco_labelling.txt,No
www_unep_org_Events_on_Sustainable_Public_Procurement_Ecolabell.txt,No
www_unep_org_Finance_and_Economic_Transformations.txt,No
www_unep_org_Ghana_UN_Environment_Programme.txt,No
www_unep_org_How_the_world_can_finance_the_transition_to_a_circ.txt,No
www_unep_org_In_campaign_against_plastic_pollution_the_world_is.txt,No
www_unep_org_Kenya_UN_Environment_Programme.txt,No
www_unep_org_Material_Efficiency_Strategies_for_a_Low_Carbon_Fu.txt,No
www_unep_org_Progress_report_on_the_10_Year_Framework_of_Progra.txt,No
www_unep_org_Publications_Knowledge.txt,No
www_unep_org_Reducing_Plastic_Pollution_through_the_Extended_Pr.txt,No
www_unep_org_Rwanda.txt,No
www_unep_org_Sustainable_consumption_and_production_policies.txt,No
www_unep_org_The_Life_Cycle_Initiative.txt,No
www_unep_org_UNEP_and_Ministry_of_Environment_sign_agreement_to.txt,No
www_unep_org_UNEP_annual_report_2022.txt,No
www_unep_org_UNEP_releases_guidelines_to_curb_the_environmental.txt,No
www_unesco_org_Green_school_quality_standard.txt,No
www_unfoodsystemshub_org_Shift_to_sustainable_and_healthy_consumption_patte.txt,Yes
www_unicef_org_HEALTHY_ENVIRONMENTS_FOR_HEALTHY_CHILDREN.txt,No
www_unicef_org_SOER_REPORT.txt,No
www_unido_org_Industrial_Resource_Efficiency_Division_and_CIRCUL.txt,No
www_unido_org_UNIDO_Annual_Report_2019.txt,Yes
www_unilever_com_Bold_Plans_Real_Impact.txt,Yes
www_unodc_org_World_Wildlife_Crime_Report.txt,No
www_unwater_org_Sustainable_Development_Goal_6_Synthesis_Report_on.txt,Yes
www_unwomen_org_RETHINKING_GENDER_RESPONSIVE_PROCUREMENT.txt,No
www_unwomen_org_WOMEN_S_ECONOMIC_EMPOWERMENT_STRATEGY.txt,No
www_un_org_Agenda_21_pdf.txt,No
www_urbanagendaplatform_org_Council_for_Development_Republic_of_Lebanon_Nation.txt,Yes
www_wcoomd_org_Transition_to_a_circular_economy_and_implications_.txt,No
www_woah_org_ONE_HEALTH_JOINT_PLAN_OF_ACTION.txt,Yes
www_wto_org_Making_trade_work_for_the_environment_prosperity_a.txt,Yes
